Date,HC Air temperature [°C] avg,HC Air temperature [°C] max,HC Air temperature [°C] min,HC Relative humidity [%] avg,HC Relative humidity [%] max,HC Relative humidity [%] min,Precipitation [mm] sum,Soil temperature [°C] avg,Soil temperature [°C] max,Soil temperature [°C] min,opstina,mesto,usev
2018-11-20 00:00:00,0.89,1.07,0.67,100.0,,,0.0,4.4,4.5,4.3,Novi Sad,Glozan,Jabuka
2018-11-20 01:00:00,1.27,1.41,1.12,100.0,,,0.0,4.5,4.6,4.3,Novi Sad,Glozan,Jabuka
2018-11-20 02:00:00,1.62,1.75,1.51,100.0,,,0.0,4.5,4.6,4.4,Novi Sad,Glozan,Jabuka
2018-11-20 03:00:00,1.94,2.04,1.82,100.0,,,0.4,4.4,4.5,4.4,Novi Sad,Glozan,Jabuka
2018-11-20 04:00:00,2.03,2.48,1.76,100.0,,,2.0,4.4,4.6,4.3,Novi Sad,Glozan,Jabuka
2018-11-20 05:00:00,2.62,2.68,2.5,100.0,,,0.8,4.4,4.6,4.4,Novi Sad,Glozan,Jabuka
2018-11-20 06:00:00,2.62,2.66,2.56,100.0,,,0.4,4.4,4.5,4.4,Novi Sad,Glozan,Jabuka
2018-11-20 07:00:00,2.55,2.58,2.53,100.0,,,0.2,4.5,4.6,4.4,Novi Sad,Glozan,Jabuka
2018-11-20 08:00:00,2.8,3.0,2.59,100.0,,,0.0,4.6,4.7,4.5,Novi Sad,Glozan,Jabuka
2018-11-20 09:00:00,3.7,4.9,3.02,100.0,,,0.0,4.6,4.8,4.6,Novi Sad,Glozan,Jabuka
2018-11-20 10:00:00,5.52,6.17,4.97,100.0,,,0.0,4.9,5.2,4.7,Novi Sad,Glozan,Jabuka
2018-11-20 11:00:00,7.27,8.02,6.15,96.7,,,1.2,5.3,5.6,5.1,Novi Sad,Glozan,Jabuka
2018-11-20 12:00:00,7.17,7.44,6.92,98.59,,,0.8,5.6,5.8,5.5,Novi Sad,Glozan,Jabuka
2018-11-20 13:00:00,7.89,8.55,7.47,95.2,,,0.0,5.9,6.1,5.7,Novi Sad,Glozan,Jabuka
2018-11-20 14:00:00,8.38,8.51,8.21,93.3,,,0.0,6.3,6.5,6.0,Novi Sad,Glozan,Jabuka
2018-11-20 15:00:00,8.35,8.58,8.16,91.97,,,0.0,6.5,6.7,6.4,Novi Sad,Glozan,Jabuka
2018-11-20 16:00:00,7.87,8.15,7.7,94.51,,,0.0,6.7,6.9,6.7,Novi Sad,Glozan,Jabuka
2018-11-20 17:00:00,7.63,7.7,7.44,95.71,,,0.0,6.7,6.9,6.7,Novi Sad,Glozan,Jabuka
2018-11-20 18:00:00,6.62,7.49,5.85,98.8,,,0.0,6.7,6.9,6.6,Novi Sad,Glozan,Jabuka
2018-11-20 19:00:00,5.54,5.78,5.4,100.0,,,0.0,6.6,6.8,6.5,Novi Sad,Glozan,Jabuka
2018-11-20 20:00:00,5.34,5.46,5.23,100.0,,,0.0,6.5,6.7,6.4,Novi Sad,Glozan,Jabuka
2018-11-20 21:00:00,5.03,5.2,4.91,100.0,,,0.0,6.5,6.6,6.4,Novi Sad,Glozan,Jabuka
2018-11-20 22:00:00,4.92,4.98,4.81,100.0,,,0.0,6.4,6.5,6.4,Novi Sad,Glozan,Jabuka
2018-11-20 23:00:00,4.7,4.79,4.57,100.0,,,0.0,6.4,6.5,6.3,Novi Sad,Glozan,Jabuka
2018-11-21 00:00:00,4.52,4.58,4.48,100.0,,,0.0,6.3,6.4,6.3,Novi Sad,Glozan,Jabuka
2018-11-21 01:00:00,4.43,4.57,4.19,100.0,,,0.0,6.3,6.4,6.2,Novi Sad,Glozan,Jabuka
2018-11-21 02:00:00,4.43,4.64,4.26,100.0,,,0.0,6.2,6.4,6.2,Novi Sad,Glozan,Jabuka
2018-11-21 03:00:00,4.38,4.67,4.24,100.0,,,0.0,6.2,6.3,6.2,Novi Sad,Glozan,Jabuka
2018-11-21 04:00:00,4.25,4.37,4.19,100.0,,,0.0,6.2,6.3,6.2,Novi Sad,Glozan,Jabuka
2018-11-21 05:00:00,4.31,4.39,4.26,100.0,,,0.0,6.1,6.3,6.0,Novi Sad,Glozan,Jabuka
2018-11-21 06:00:00,4.36,4.45,4.26,100.0,,,0.0,6.1,6.3,6.0,Novi Sad,Glozan,Jabuka
2018-11-21 07:00:00,4.33,4.42,4.23,100.0,,,0.2,6.1,6.2,6.0,Novi Sad,Glozan,Jabuka
2018-11-21 08:00:00,4.15,4.22,4.05,100.0,,,0.0,6.0,6.1,6.0,Novi Sad,Glozan,Jabuka
2018-11-21 09:00:00,4.17,4.33,4.05,100.0,,,0.0,6.0,6.2,6.0,Novi Sad,Glozan,Jabuka
2018-11-21 10:00:00,4.41,4.53,4.29,100.0,,,0.0,6.1,6.3,6.0,Novi Sad,Glozan,Jabuka
2018-11-21 11:00:00,4.5,4.54,4.42,100.0,,,0.0,6.2,6.3,6.0,Novi Sad,Glozan,Jabuka
2018-11-21 12:00:00,4.52,4.61,4.44,100.0,,,0.2,6.3,6.4,6.2,Novi Sad,Glozan,Jabuka
2018-11-21 13:00:00,4.58,4.64,4.51,100.0,,,0.0,6.3,6.5,6.3,Novi Sad,Glozan,Jabuka
2018-11-21 14:00:00,4.71,4.88,4.57,100.0,,,0.0,6.4,6.6,6.4,Novi Sad,Glozan,Jabuka
2018-11-21 15:00:00,4.91,5.04,4.77,100.0,,,0.0,6.5,6.8,6.4,Novi Sad,Glozan,Jabuka
2018-11-21 16:00:00,5.02,5.08,4.96,100.0,,,0.0,6.6,6.8,6.5,Novi Sad,Glozan,Jabuka
2018-11-21 17:00:00,5.09,5.17,5.03,100.0,,,0.0,6.5,6.6,6.5,Novi Sad,Glozan,Jabuka
2018-11-21 18:00:00,5.04,5.07,5.01,100.0,,,0.0,6.5,6.6,6.4,Novi Sad,Glozan,Jabuka
2018-11-21 19:00:00,5.05,5.11,5.01,100.0,,,0.0,6.5,6.7,6.4,Novi Sad,Glozan,Jabuka
2018-11-21 20:00:00,5.06,5.12,4.99,100.0,,,0.0,6.4,6.5,6.4,Novi Sad,Glozan,Jabuka
2018-11-21 21:00:00,5.17,5.22,5.12,100.0,,,0.0,6.4,6.5,6.4,Novi Sad,Glozan,Jabuka
2018-11-21 22:00:00,5.11,5.14,5.09,100.0,,,0.0,6.4,6.5,6.3,Novi Sad,Glozan,Jabuka
2018-11-21 23:00:00,5.04,5.1,4.97,100.0,,,0.0,6.3,6.4,6.3,Novi Sad,Glozan,Jabuka
2018-11-22 00:00:00,4.78,4.99,4.61,100.0,,,0.0,6.3,6.4,6.2,Novi Sad,Glozan,Jabuka
2018-11-22 01:00:00,4.4,4.61,4.32,100.0,,,0.0,6.2,6.4,6.2,Novi Sad,Glozan,Jabuka
2018-11-22 02:00:00,4.27,4.33,4.16,100.0,,,0.0,6.2,6.4,6.2,Novi Sad,Glozan,Jabuka
2018-11-22 03:00:00,4.05,4.18,3.92,100.0,,,0.0,6.1,6.2,6.0,Novi Sad,Glozan,Jabuka
2018-11-22 04:00:00,3.86,3.94,3.78,100.0,,,0.0,6.0,6.1,6.0,Novi Sad,Glozan,Jabuka
2018-11-22 05:00:00,3.99,4.05,3.93,100.0,,,0.0,5.9,6.0,5.9,Novi Sad,Glozan,Jabuka
2018-11-22 06:00:00,4.12,4.21,4.04,100.0,,,0.0,5.9,6.1,5.8,Novi Sad,Glozan,Jabuka
2018-11-22 07:00:00,4.2,4.29,4.13,100.0,,,0.0,5.9,6.0,5.8,Novi Sad,Glozan,Jabuka
2018-11-22 08:00:00,4.68,4.94,4.33,99.99,,,0.0,5.8,5.9,5.8,Novi Sad,Glozan,Jabuka
2018-11-22 09:00:00,5.19,5.52,4.84,95.2,,,0.0,5.9,6.1,5.9,Novi Sad,Glozan,Jabuka
2018-11-22 10:00:00,5.96,6.26,5.65,87.22,,,0.0,6.3,6.5,6.2,Novi Sad,Glozan,Jabuka
2018-11-22 11:00:00,6.72,7.05,6.33,81.52,,,0.0,6.7,7.0,6.4,Novi Sad,Glozan,Jabuka
2018-11-22 12:00:00,7.1,7.22,6.9,81.03,,,0.0,7.2,7.5,6.9,Novi Sad,Glozan,Jabuka
2018-11-22 13:00:00,7.01,7.15,6.94,84.05,,,0.0,7.5,7.7,7.4,Novi Sad,Glozan,Jabuka
2018-11-22 14:00:00,7.24,7.44,7.1,85.05,,,0.0,7.7,7.9,7.6,Novi Sad,Glozan,Jabuka
2018-11-22 15:00:00,7.01,7.11,6.85,87.27,,,0.0,7.8,7.9,7.7,Novi Sad,Glozan,Jabuka
2018-11-22 16:00:00,6.73,6.83,6.57,91.37,,,0.0,7.6,7.9,7.5,Novi Sad,Glozan,Jabuka
2018-11-22 17:00:00,6.07,6.5,5.81,95.19,,,0.0,7.4,7.6,7.2,Novi Sad,Glozan,Jabuka
2018-11-22 18:00:00,5.55,5.82,5.4,99.56,,,0.0,7.1,7.4,7.0,Novi Sad,Glozan,Jabuka
2018-11-22 19:00:00,5.31,5.5,5.12,99.2,,,0.0,6.9,7.1,6.8,Novi Sad,Glozan,Jabuka
2018-11-22 20:00:00,5.05,5.16,4.75,99.1,,,0.0,6.7,6.9,6.7,Novi Sad,Glozan,Jabuka
2018-11-22 21:00:00,4.71,4.91,4.32,100.0,,,0.0,6.6,6.8,6.5,Novi Sad,Glozan,Jabuka
2018-11-22 22:00:00,4.02,4.26,3.74,100.0,,,0.0,6.4,6.6,6.4,Novi Sad,Glozan,Jabuka
2018-11-22 23:00:00,3.13,3.7,2.63,100.0,,,0.0,6.2,6.3,6.1,Novi Sad,Glozan,Jabuka
2018-11-23 00:00:00,2.83,3.1,2.63,100.0,,,0.0,5.9,6.1,5.9,Novi Sad,Glozan,Jabuka
2018-11-23 01:00:00,2.92,3.09,2.67,100.0,,,0.0,5.8,5.9,5.7,Novi Sad,Glozan,Jabuka
2018-11-23 02:00:00,2.59,3.19,2.16,100.0,,,0.0,5.6,5.8,5.6,Novi Sad,Glozan,Jabuka
2018-11-23 03:00:00,2.36,2.56,2.04,100.0,,,0.0,5.5,5.7,5.5,Novi Sad,Glozan,Jabuka
2018-11-23 04:00:00,1.73,2.31,1.36,100.0,,,0.0,5.3,5.5,5.2,Novi Sad,Glozan,Jabuka
2018-11-23 05:00:00,0.85,1.88,-0.03,100.0,,,0.0,5.1,5.3,4.9,Novi Sad,Glozan,Jabuka
2018-11-23 06:00:00,0.78,1.12,0.45,100.0,,,0.0,4.7,5.0,4.7,Novi Sad,Glozan,Jabuka
2018-11-23 07:00:00,0.92,1.16,0.7,100.0,,,0.0,4.7,4.8,4.7,Novi Sad,Glozan,Jabuka
2018-11-23 08:00:00,1.83,2.36,1.06,100.0,,,0.0,4.7,4.8,4.7,Novi Sad,Glozan,Jabuka
2018-11-23 09:00:00,2.97,3.64,2.52,100.0,,,0.0,4.9,5.1,4.7,Novi Sad,Glozan,Jabuka
2018-11-23 10:00:00,4.87,6.55,3.76,99.89,,,0.0,5.3,5.7,5.0,Novi Sad,Glozan,Jabuka
2018-11-23 11:00:00,7.19,7.84,6.69,93.64,,,0.0,6.1,6.6,5.8,Novi Sad,Glozan,Jabuka
2018-11-23 12:00:00,8.16,8.44,7.87,86.15,,,0.0,7.0,7.3,6.6,Novi Sad,Glozan,Jabuka
2018-11-23 13:00:00,8.27,8.38,8.13,84.32,,,0.0,7.5,7.9,7.4,Novi Sad,Glozan,Jabuka
2018-11-23 14:00:00,8.24,8.44,8.17,84.84,,,0.0,7.8,7.9,7.7,Novi Sad,Glozan,Jabuka
2018-11-23 15:00:00,8.05,8.28,7.93,88.25,,,0.0,7.8,8.0,7.7,Novi Sad,Glozan,Jabuka
2018-11-23 16:00:00,7.74,7.93,7.51,90.39,,,0.0,7.8,7.9,7.7,Novi Sad,Glozan,Jabuka
2018-11-23 17:00:00,7.35,7.49,7.11,95.19,,,0.0,7.6,7.7,7.5,Novi Sad,Glozan,Jabuka
2018-11-23 18:00:00,7.0,7.13,6.84,96.53,,,0.0,7.4,7.6,7.4,Novi Sad,Glozan,Jabuka
2018-11-23 19:00:00,6.71,6.87,6.59,98.14,,,0.0,7.2,7.4,7.2,Novi Sad,Glozan,Jabuka
2018-11-23 20:00:00,6.43,6.62,6.28,99.48,,,0.0,7.1,7.4,7.1,Novi Sad,Glozan,Jabuka
2018-11-23 21:00:00,6.02,6.22,5.86,99.99,,,0.0,7.0,7.2,6.9,Novi Sad,Glozan,Jabuka
2018-11-23 22:00:00,5.62,5.84,5.34,100.0,,,0.0,6.9,7.0,6.7,Novi Sad,Glozan,Jabuka
2018-11-23 23:00:00,5.11,5.31,4.89,100.0,,,0.0,6.8,6.9,6.8,Novi Sad,Glozan,Jabuka
2018-11-24 00:00:00,4.95,5.01,4.91,100.0,,,0.0,6.6,6.9,6.5,Novi Sad,Glozan,Jabuka
2018-11-24 01:00:00,4.93,4.99,4.89,100.0,,,0.0,6.6,6.8,6.5,Novi Sad,Glozan,Jabuka
2018-11-24 02:00:00,5.0,5.07,4.91,100.0,,,0.0,6.5,6.6,6.4,Novi Sad,Glozan,Jabuka
2018-11-24 03:00:00,4.93,5.0,4.83,100.0,,,0.0,6.5,6.6,6.4,Novi Sad,Glozan,Jabuka
2018-11-24 04:00:00,4.8,4.89,4.76,100.0,,,0.0,6.4,6.6,6.4,Novi Sad,Glozan,Jabuka
2018-11-24 05:00:00,4.69,4.83,4.49,100.0,,,0.0,6.4,6.5,6.3,Novi Sad,Glozan,Jabuka
2018-11-24 06:00:00,4.5,4.7,4.24,100.0,,,0.0,6.3,6.4,6.3,Novi Sad,Glozan,Jabuka
2018-11-24 07:00:00,4.33,4.42,4.25,100.0,,,0.0,6.2,6.4,6.2,Novi Sad,Glozan,Jabuka
2018-11-24 08:00:00,4.55,4.73,4.39,100.0,,,0.0,6.2,6.3,6.2,Novi Sad,Glozan,Jabuka
2018-11-24 09:00:00,4.85,5.13,4.7,100.0,,,0.0,6.3,6.4,6.2,Novi Sad,Glozan,Jabuka
2018-11-24 10:00:00,5.36,5.69,5.05,100.0,,,0.0,6.5,6.8,6.4,Novi Sad,Glozan,Jabuka
2018-11-24 11:00:00,5.99,6.31,5.77,100.0,,,0.0,6.8,7.0,6.7,Novi Sad,Glozan,Jabuka
2018-11-24 12:00:00,6.73,7.08,6.27,99.31,,,0.0,7.1,7.3,6.9,Novi Sad,Glozan,Jabuka
2018-11-24 13:00:00,7.21,7.38,7.1,98.74,,,0.0,7.4,7.5,7.3,Novi Sad,Glozan,Jabuka
2018-11-24 14:00:00,7.57,7.71,7.37,99.91,,,0.0,7.4,7.6,7.3,Novi Sad,Glozan,Jabuka
2018-11-24 15:00:00,7.75,7.88,7.63,99.98,,,0.0,7.5,7.6,7.5,Novi Sad,Glozan,Jabuka
2018-11-24 16:00:00,7.59,7.74,7.33,100.0,,,0.2,7.9,9.7,7.2,Novi Sad,Glozan,Jabuka
2018-11-24 17:00:00,7.36,7.47,7.26,100.0,,,0.0,6.7,7.1,6.5,Novi Sad,Glozan,Jabuka
2018-11-24 18:00:00,7.27,7.48,6.91,100.0,,,0.0,6.2,6.5,5.9,Novi Sad,Glozan,Jabuka
2018-11-24 19:00:00,6.9,7.07,6.75,100.0,,,0.0,5.7,6.0,5.5,Novi Sad,Glozan,Jabuka
2018-11-24 20:00:00,6.32,6.54,6.13,100.0,,,0.0,5.0,5.4,4.6,Novi Sad,Glozan,Jabuka
2018-11-24 21:00:00,6.19,6.77,5.57,100.0,,,0.0,4.9,5.1,4.6,Novi Sad,Glozan,Jabuka
2018-11-24 22:00:00,8.06,10.13,5.66,93.65,,,0.0,4.4,4.7,4.2,Novi Sad,Glozan,Jabuka
2018-11-24 23:00:00,5.73,6.2,5.35,100.0,,,0.0,4.3,4.6,4.1,Novi Sad,Glozan,Jabuka
2018-11-25 00:00:00,5.39,6.07,4.9,100.0,,,0.0,4.1,4.6,3.6,Novi Sad,Glozan,Jabuka
2018-11-25 01:00:00,5.45,6.27,4.33,100.0,,,0.0,4.3,5.0,3.7,Novi Sad,Glozan,Jabuka
2018-11-25 02:00:00,5.88,6.26,5.49,100.0,,,0.0,5.2,5.5,4.9,Novi Sad,Glozan,Jabuka
2018-11-25 03:00:00,6.01,6.08,5.94,100.0,,,0.0,5.7,5.9,5.5,Novi Sad,Glozan,Jabuka
2018-11-25 04:00:00,6.32,6.6,6.09,100.0,,,0.0,5.9,6.1,5.8,Novi Sad,Glozan,Jabuka
2018-11-25 05:00:00,6.47,6.57,6.33,100.0,,,0.0,6.1,6.3,6.0,Novi Sad,Glozan,Jabuka
2018-11-25 06:00:00,6.44,6.67,6.3,100.0,,,0.0,6.0,6.3,5.9,Novi Sad,Glozan,Jabuka
2018-11-25 07:00:00,6.7,6.77,6.65,100.0,,,0.0,6.3,6.5,6.2,Novi Sad,Glozan,Jabuka
2018-11-25 08:00:00,6.84,7.0,6.7,100.0,,,0.0,6.6,6.9,6.4,Novi Sad,Glozan,Jabuka
2018-11-25 09:00:00,7.38,7.93,7.06,100.0,,,0.0,7.5,8.3,7.0,Novi Sad,Glozan,Jabuka
2018-11-25 10:00:00,8.4,8.73,8.01,100.0,,,0.0,9.1,9.7,8.4,Novi Sad,Glozan,Jabuka
2018-11-25 11:00:00,9.05,9.43,8.69,100.0,,,0.0,9.4,10.0,9.2,Novi Sad,Glozan,Jabuka
2018-11-25 12:00:00,9.53,9.71,9.4,100.0,,,0.2,10.2,10.4,10.1,Novi Sad,Glozan,Jabuka
2018-11-25 13:00:00,9.49,9.74,9.34,100.0,,,0.2,9.9,10.2,9.6,Novi Sad,Glozan,Jabuka
2018-11-25 14:00:00,9.88,10.12,9.58,100.0,,,0.2,10.2,10.3,10.1,Novi Sad,Glozan,Jabuka
2018-11-25 15:00:00,9.99,10.21,9.68,100.0,,,0.6,9.8,10.1,9.3,Novi Sad,Glozan,Jabuka
2018-11-25 16:00:00,9.38,9.52,9.21,100.0,,,1.4,8.9,9.2,8.8,Novi Sad,Glozan,Jabuka
2018-11-25 17:00:00,9.45,9.58,9.34,100.0,,,1.8,8.6,8.8,8.5,Novi Sad,Glozan,Jabuka
2018-11-25 18:00:00,9.38,9.5,9.32,100.0,,,0.2,8.3,8.5,8.3,Novi Sad,Glozan,Jabuka
2018-11-25 19:00:00,9.31,9.39,9.22,100.0,,,0.0,8.3,8.4,8.2,Novi Sad,Glozan,Jabuka
2018-11-25 20:00:00,9.58,9.66,9.46,100.0,,,0.2,8.5,8.7,8.4,Novi Sad,Glozan,Jabuka
2018-11-25 21:00:00,9.32,9.58,9.0,100.0,,,0.0,8.4,8.6,8.3,Novi Sad,Glozan,Jabuka
2018-11-25 22:00:00,8.68,8.94,8.36,100.0,,,0.0,8.1,8.3,8.0,Novi Sad,Glozan,Jabuka
2018-11-25 23:00:00,8.09,8.33,7.97,100.0,,,0.2,7.8,8.0,7.7,Novi Sad,Glozan,Jabuka
2018-11-26 00:00:00,7.77,7.91,7.73,100.0,,,0.0,7.5,7.9,7.4,Novi Sad,Glozan,Jabuka
2018-11-26 01:00:00,7.71,7.75,7.66,100.0,,,0.0,7.4,7.6,7.3,Novi Sad,Glozan,Jabuka
2018-11-26 02:00:00,7.69,7.79,7.56,100.0,,,0.0,7.1,7.4,6.9,Novi Sad,Glozan,Jabuka
2018-11-26 03:00:00,7.52,7.63,7.32,100.0,,,0.0,6.8,7.0,6.7,Novi Sad,Glozan,Jabuka
2018-11-26 04:00:00,7.72,7.96,7.42,100.0,,,0.6,7.0,7.3,6.7,Novi Sad,Glozan,Jabuka
2018-11-26 05:00:00,7.9,7.95,7.87,100.0,,,0.6,7.4,7.6,7.3,Novi Sad,Glozan,Jabuka
2018-11-26 06:00:00,7.97,8.06,7.9,100.0,,,1.0,7.5,7.6,7.4,Novi Sad,Glozan,Jabuka
2018-11-26 07:00:00,8.0,8.07,7.96,100.0,,,0.0,7.5,7.6,7.4,Novi Sad,Glozan,Jabuka
2018-11-26 08:00:00,8.06,8.17,7.96,100.0,,,0.2,7.7,8.0,7.5,Novi Sad,Glozan,Jabuka
2018-11-26 09:00:00,8.39,8.74,8.08,100.0,,,0.2,8.4,8.9,8.0,Novi Sad,Glozan,Jabuka
2018-11-26 10:00:00,9.08,9.58,8.7,100.0,,,0.0,9.0,9.4,8.9,Novi Sad,Glozan,Jabuka
2018-11-26 11:00:00,9.39,9.61,9.18,100.0,,,0.0,9.5,9.9,9.2,Novi Sad,Glozan,Jabuka
2018-11-26 12:00:00,9.68,9.81,9.42,100.0,,,0.0,10.1,10.3,9.9,Novi Sad,Glozan,Jabuka
2018-11-26 13:00:00,10.23,10.75,9.8,99.77,,,0.0,10.9,11.7,10.3,Novi Sad,Glozan,Jabuka
2018-11-26 14:00:00,10.47,10.81,10.19,97.9,,,0.0,11.3,11.6,11.1,Novi Sad,Glozan,Jabuka
2018-11-26 15:00:00,10.73,10.97,10.27,94.04,,,0.0,10.8,11.6,9.9,Novi Sad,Glozan,Jabuka
2018-11-26 16:00:00,9.67,10.09,9.24,97.02,,,0.0,8.5,9.4,8.0,Novi Sad,Glozan,Jabuka
2018-11-26 17:00:00,9.06,9.31,8.84,99.57,,,0.0,7.6,7.9,7.5,Novi Sad,Glozan,Jabuka
2018-11-26 18:00:00,8.86,8.93,8.79,100.0,,,0.0,7.7,7.9,7.5,Novi Sad,Glozan,Jabuka
2018-11-26 19:00:00,8.81,8.88,8.73,100.0,,,0.0,7.8,8.1,7.7,Novi Sad,Glozan,Jabuka
2018-11-26 20:00:00,8.74,8.81,8.67,100.0,,,0.0,7.6,7.8,7.5,Novi Sad,Glozan,Jabuka
2018-11-26 21:00:00,8.7,8.8,8.65,100.0,,,0.0,7.5,7.7,7.5,Novi Sad,Glozan,Jabuka
2018-11-26 22:00:00,8.71,8.76,8.65,100.0,,,0.0,7.5,7.7,7.5,Novi Sad,Glozan,Jabuka
2018-11-26 23:00:00,8.53,8.65,8.42,100.0,,,0.0,7.5,7.7,7.5,Novi Sad,Glozan,Jabuka
2018-11-27 00:00:00,8.42,8.48,8.29,100.0,,,0.0,7.5,7.7,7.4,Novi Sad,Glozan,Jabuka
2018-11-27 01:00:00,8.09,8.29,7.8,100.0,,,0.0,7.3,7.5,7.2,Novi Sad,Glozan,Jabuka
2018-11-27 02:00:00,7.41,7.73,7.18,100.0,,,0.0,7.1,7.3,6.9,Novi Sad,Glozan,Jabuka
2018-11-28 13:00:00,0.21,0.25,0.16,100.0,,,0.0,0.9,1.1,0.7,Novi Sad,Glozan,Jabuka
2018-11-28 14:00:00,0.21,0.27,0.16,100.0,,,0.0,0.8,1.0,0.8,Novi Sad,Glozan,Jabuka
2018-11-29 01:00:00,-0.51,-0.44,-0.58,100.0,,,0.0,0.7,0.9,0.5,Novi Sad,Glozan,Jabuka
2018-11-29 02:00:00,-0.62,-0.55,-0.73,100.0,,,0.0,0.9,1.1,0.6,Novi Sad,Glozan,Jabuka
2018-11-29 03:00:00,-0.79,-0.58,-0.91,100.0,,,0.0,1.2,1.3,1.1,Novi Sad,Glozan,Jabuka
2018-11-29 04:00:00,-0.8,-0.6,-0.94,100.0,,,0.0,1.2,1.5,1.2,Novi Sad,Glozan,Jabuka
2018-11-29 05:00:00,-0.58,-0.47,-0.64,100.0,,,0.0,1.2,1.3,1.1,Novi Sad,Glozan,Jabuka
2018-11-29 06:00:00,-0.58,-0.49,-0.68,100.0,,,0.0,1.1,1.3,1.1,Novi Sad,Glozan,Jabuka
2018-11-29 07:00:00,-0.46,-0.39,-0.55,100.0,,,0.0,1.3,1.5,1.1,Novi Sad,Glozan,Jabuka
2018-11-29 08:00:00,-0.26,-0.21,-0.38,100.0,,,0.0,1.5,1.8,1.4,Novi Sad,Glozan,Jabuka
2018-11-29 09:00:00,0.04,0.28,-0.23,100.0,,,0.0,2.2,2.7,1.8,Novi Sad,Glozan,Jabuka
2018-11-29 10:00:00,0.5,0.74,0.29,100.0,,,0.0,3.1,3.7,2.8,Novi Sad,Glozan,Jabuka
2018-11-29 11:00:00,0.86,1.1,0.67,100.0,,,0.0,3.2,3.5,3.1,Novi Sad,Glozan,Jabuka
2018-11-29 12:00:00,1.29,1.45,1.16,100.0,,,0.2,3.0,3.4,2.9,Novi Sad,Glozan,Jabuka
2018-11-29 13:00:00,1.84,2.27,1.41,93.55,,,0.4,3.2,3.9,3.0,Novi Sad,Glozan,Jabuka
2018-11-29 14:00:00,2.52,2.86,2.22,84.26,,,0.4,4.5,5.2,4.0,Novi Sad,Glozan,Jabuka
2018-11-29 15:00:00,2.51,2.8,2.07,77.13,,,0.2,4.4,4.9,3.8,Novi Sad,Glozan,Jabuka
2018-11-29 16:00:00,1.4,1.94,1.09,78.45,,,0.2,1.8,3.3,0.8,Novi Sad,Glozan,Jabuka
2018-11-29 17:00:00,0.25,0.79,-0.09,86.95,,,0.0,0.1,0.6,0.0,Novi Sad,Glozan,Jabuka
2018-11-29 18:00:00,-0.65,-0.35,-0.95,83.95,,,0.0,-0.1,0.0,-0.3,Novi Sad,Glozan,Jabuka
2018-11-29 19:00:00,-1.25,-0.83,-1.63,76.39,,,0.0,-0.5,-0.4,-0.7,Novi Sad,Glozan,Jabuka
2018-11-29 20:00:00,-2.11,-1.56,-2.6,75.61,,,0.0,-0.8,-0.7,-1.0,Novi Sad,Glozan,Jabuka
2018-11-29 21:00:00,-2.59,-2.24,-3.13,76.99,,,0.0,-1.1,-1.0,-1.3,Novi Sad,Glozan,Jabuka
2018-11-29 22:00:00,-3.03,-2.71,-3.28,76.04,,,0.0,-1.4,-1.3,-1.6,Novi Sad,Glozan,Jabuka
2018-11-29 23:00:00,-3.61,-3.21,-3.95,81.85,,,0.0,-1.7,-1.7,-1.9,Novi Sad,Glozan,Jabuka
2018-11-30 00:00:00,-3.47,-2.89,-3.87,74.84,,,0.0,-2.0,-2.0,-2.2,Novi Sad,Glozan,Jabuka
2018-11-30 01:00:00,-4.06,-3.5,-4.89,79.7,,,0.0,-2.3,-2.2,-2.6,Novi Sad,Glozan,Jabuka
2018-11-30 02:00:00,-4.33,-3.93,-5.09,81.26,,,0.0,-2.6,-2.6,-2.7,Novi Sad,Glozan,Jabuka
2018-11-30 03:00:00,-4.35,-4.03,-4.73,82.74,,,0.0,-2.8,-2.7,-2.9,Novi Sad,Glozan,Jabuka
2018-11-30 04:00:00,-4.61,-4.41,-4.76,83.59,,,0.0,-2.9,-2.9,-3.1,Novi Sad,Glozan,Jabuka
2018-11-30 05:00:00,-4.94,-4.47,-5.3,83.79,,,0.0,-3.1,-3.0,-3.3,Novi Sad,Glozan,Jabuka
2018-11-30 06:00:00,-4.78,-4.42,-5.26,81.35,,,0.0,-3.3,-3.2,-3.6,Novi Sad,Glozan,Jabuka
2018-11-30 07:00:00,-5.03,-4.37,-5.64,80.2,,,0.0,-3.4,-3.4,-3.6,Novi Sad,Glozan,Jabuka
2018-11-30 08:00:00,-4.55,-3.8,-4.93,76.98,,,0.0,-3.1,-2.8,-3.5,Novi Sad,Glozan,Jabuka
2018-11-30 09:00:00,-3.21,-2.85,-3.74,69.29,,,0.0,-2.2,-1.9,-2.7,Novi Sad,Glozan,Jabuka
2018-11-30 10:00:00,-2.4,-1.88,-2.8,65.26,,,0.0,-1.4,-0.8,-1.9,Novi Sad,Glozan,Jabuka
2018-11-30 11:00:00,-1.52,-1.15,-1.79,65.09,,,0.0,-0.5,-0.3,-0.8,Novi Sad,Glozan,Jabuka
2018-11-30 12:00:00,-0.82,-0.62,-1.15,62.86,,,0.0,0.0,0.3,-0.2,Novi Sad,Glozan,Jabuka
2018-11-30 13:00:00,-0.47,-0.07,-0.72,62.68,,,0.0,0.6,0.9,0.3,Novi Sad,Glozan,Jabuka
2018-11-30 14:00:00,-0.3,-0.14,-0.56,62.57,,,0.0,1.3,1.7,0.7,Novi Sad,Glozan,Jabuka
2018-11-30 15:00:00,-0.56,-0.3,-1.02,65.03,,,0.0,0.8,1.4,-0.4,Novi Sad,Glozan,Jabuka
2018-11-30 16:00:00,-1.5,-1.06,-1.99,75.56,,,0.0,-0.4,-0.3,-0.6,Novi Sad,Glozan,Jabuka
2018-11-30 17:00:00,-2.47,-2.18,-2.68,82.85,,,0.0,-0.8,-0.6,-1.2,Novi Sad,Glozan,Jabuka
2018-11-30 18:00:00,-3.02,-2.73,-3.64,85.53,,,0.0,-1.2,-1.0,-1.5,Novi Sad,Glozan,Jabuka
2018-11-30 19:00:00,-4.23,-3.71,-4.51,90.87,,,0.0,-1.6,-1.4,-1.8,Novi Sad,Glozan,Jabuka
2018-11-30 20:00:00,-4.29,-4.15,-4.42,90.49,,,0.0,-1.8,-1.8,-1.9,Novi Sad,Glozan,Jabuka
2018-11-30 21:00:00,-4.23,-4.01,-4.38,90.69,,,0.0,-1.8,-1.8,-2.0,Novi Sad,Glozan,Jabuka
2018-11-30 22:00:00,-3.83,-3.62,-3.97,92.0,,,0.0,-1.5,-1.4,-1.7,Novi Sad,Glozan,Jabuka
2018-11-30 23:00:00,-3.7,-3.63,-3.76,93.57,,,0.0,-1.4,-1.3,-1.5,Novi Sad,Glozan,Jabuka
2018-12-01 00:00:00,-4.02,-3.63,-4.79,94.3,,,0.0,-1.7,-1.4,-2.3,Novi Sad,Glozan,Jabuka
2018-12-01 01:00:00,-5.47,-4.94,-5.87,99.07,,,0.0,-2.6,-2.3,-2.9,Novi Sad,Glozan,Jabuka
2018-12-01 02:00:00,-5.53,-5.19,-5.86,99.67,,,0.0,-2.5,-2.3,-2.9,Novi Sad,Glozan,Jabuka
2018-12-01 03:00:00,-5.58,-5.46,-5.8,100.0,,,0.0,-2.6,-2.4,-2.8,Novi Sad,Glozan,Jabuka
2018-12-01 04:00:00,-6.56,-5.88,-7.1,100.0,,,0.0,-3.1,-2.8,-3.4,Novi Sad,Glozan,Jabuka
2018-12-01 05:00:00,-7.37,-6.98,-7.85,100.0,,,0.0,-3.5,-3.5,-3.8,Novi Sad,Glozan,Jabuka
2018-12-01 06:00:00,-7.4,-6.89,-7.84,100.0,,,0.0,-3.7,-3.6,-3.9,Novi Sad,Glozan,Jabuka
2018-12-01 07:00:00,-7.03,-5.79,-7.63,100.0,,,0.0,-3.5,-3.3,-3.7,Novi Sad,Glozan,Jabuka
2018-12-01 08:00:00,-6.66,-6.34,-7.37,100.0,,,0.0,-3.0,-2.7,-3.4,Novi Sad,Glozan,Jabuka
2018-12-01 09:00:00,-5.44,-4.46,-6.25,100.0,,,0.0,-1.9,-1.3,-2.6,Novi Sad,Glozan,Jabuka
2018-12-01 10:00:00,-3.67,-3.11,-4.24,99.64,,,0.0,-1.1,-0.8,-1.4,Novi Sad,Glozan,Jabuka
2018-12-01 11:00:00,-2.28,-1.73,-2.98,91.06,,,0.0,-0.2,-0.1,-0.7,Novi Sad,Glozan,Jabuka
2018-12-01 12:00:00,-1.64,-1.29,-2.03,86.56,,,0.0,0.1,0.5,-0.2,Novi Sad,Glozan,Jabuka
2018-12-01 13:00:00,-1.0,-0.73,-1.37,80.72,,,0.0,0.6,0.8,0.4,Novi Sad,Glozan,Jabuka
2018-12-01 14:00:00,-0.44,-0.14,-0.72,78.46,,,0.0,0.7,1.1,0.0,Novi Sad,Glozan,Jabuka
2018-12-01 15:00:00,-0.62,-0.54,-0.71,82.84,,,0.0,-0.1,0.0,-0.3,Novi Sad,Glozan,Jabuka
2018-12-01 16:00:00,-0.71,-0.67,-0.77,85.15,,,0.0,-0.3,-0.2,-0.5,Novi Sad,Glozan,Jabuka
2018-12-01 17:00:00,-0.78,-0.73,-0.83,85.3,,,0.0,-0.3,-0.2,-0.6,Novi Sad,Glozan,Jabuka
2018-12-01 18:00:00,-0.84,-0.78,-0.91,89.41,,,0.0,-0.4,-0.3,-0.5,Novi Sad,Glozan,Jabuka
2018-12-01 19:00:00,-1.17,-0.87,-1.39,94.45,,,0.0,-0.5,-0.4,-0.7,Novi Sad,Glozan,Jabuka
2018-12-01 20:00:00,-1.21,-0.99,-1.71,96.74,,,0.0,-0.6,-0.5,-0.8,Novi Sad,Glozan,Jabuka
2018-12-01 21:00:00,-2.17,-1.89,-2.64,100.0,,,0.0,-0.9,-0.7,-1.1,Novi Sad,Glozan,Jabuka
2018-12-01 22:00:00,-3.15,-2.22,-3.77,100.0,,,0.0,-1.2,-1.1,-1.5,Novi Sad,Glozan,Jabuka
2018-12-01 23:00:00,-4.12,-3.59,-4.55,100.0,,,0.0,-1.6,-1.5,-1.8,Novi Sad,Glozan,Jabuka
2018-12-02 00:00:00,-4.03,-3.68,-4.7,100.0,,,0.0,-1.8,-1.8,-2.0,Novi Sad,Glozan,Jabuka
2018-12-02 01:00:00,-4.55,-3.84,-5.35,100.0,,,0.0,-2.1,-2.0,-2.2,Novi Sad,Glozan,Jabuka
2018-12-02 02:00:00,-5.36,-5.12,-5.6,100.0,,,0.0,-2.3,-2.2,-2.4,Novi Sad,Glozan,Jabuka
2018-12-02 03:00:00,-5.26,-4.94,-5.53,100.0,,,0.0,-2.5,-2.4,-2.6,Novi Sad,Glozan,Jabuka
2018-12-02 04:00:00,-6.13,-5.66,-6.64,100.0,,,0.0,-2.7,-2.6,-2.8,Novi Sad,Glozan,Jabuka
2018-12-02 05:00:00,-6.11,-5.67,-6.46,100.0,,,0.0,-2.8,-2.7,-3.0,Novi Sad,Glozan,Jabuka
2018-12-02 06:00:00,-6.44,-5.64,-7.12,100.0,,,0.0,-2.9,-2.8,-3.1,Novi Sad,Glozan,Jabuka
2018-12-02 07:00:00,-6.14,-5.9,-6.38,100.0,,,0.0,-2.9,-2.9,-3.1,Novi Sad,Glozan,Jabuka
2018-12-02 08:00:00,-5.26,-3.98,-6.22,100.0,,,0.0,-2.5,-1.8,-2.9,Novi Sad,Glozan,Jabuka
2018-12-02 09:00:00,-2.81,-2.24,-3.67,100.0,,,0.0,-1.0,-0.7,-1.6,Novi Sad,Glozan,Jabuka
2018-12-02 10:00:00,-1.34,0.0,-2.19,99.51,,,0.0,-0.5,-0.2,-0.8,Novi Sad,Glozan,Jabuka
2018-12-02 11:00:00,1.28,2.51,0.07,90.71,,,0.0,0.1,0.6,-0.2,Novi Sad,Glozan,Jabuka
2018-12-02 12:00:00,3.32,4.14,2.39,84.21,,,0.2,1.9,2.8,0.8,Novi Sad,Glozan,Jabuka
2018-12-02 13:00:00,5.51,6.2,4.46,76.14,,,0.2,3.9,5.3,2.8,Novi Sad,Glozan,Jabuka
2018-12-02 14:00:00,6.52,6.96,5.73,73.83,,,0.0,6.0,8.1,4.4,Novi Sad,Glozan,Jabuka
2018-12-02 15:00:00,5.46,6.89,4.28,82.92,,,0.2,6.0,8.3,4.4,Novi Sad,Glozan,Jabuka
2018-12-02 16:00:00,4.85,5.55,3.91,88.86,,,0.0,3.5,4.7,1.9,Novi Sad,Glozan,Jabuka
2018-12-02 17:00:00,2.18,4.03,0.15,97.4,,,0.0,0.7,1.6,0.0,Novi Sad,Glozan,Jabuka
2018-12-02 18:00:00,0.75,2.1,0.01,100.0,,,0.0,-0.1,0.0,-0.3,Novi Sad,Glozan,Jabuka
2018-12-02 19:00:00,0.97,1.4,0.73,100.0,,,0.0,0.2,0.4,0.0,Novi Sad,Glozan,Jabuka
2018-12-02 20:00:00,0.51,1.63,-0.37,100.0,,,0.0,-0.1,0.2,-0.4,Novi Sad,Glozan,Jabuka
2018-12-02 21:00:00,0.0,1.58,-1.14,100.0,,,0.0,-0.3,-0.2,-0.5,Novi Sad,Glozan,Jabuka
2018-12-02 22:00:00,-0.6,0.21,-1.2,100.0,,,0.0,-0.5,-0.3,-0.7,Novi Sad,Glozan,Jabuka
2018-12-02 23:00:00,0.38,1.1,-0.66,100.0,,,0.0,-0.4,-0.3,-0.6,Novi Sad,Glozan,Jabuka
2018-12-03 00:00:00,-0.19,0.38,-0.53,100.0,,,0.0,-0.4,-0.4,-0.6,Novi Sad,Glozan,Jabuka
2018-12-03 01:00:00,0.54,1.06,0.06,100.0,,,0.0,-0.2,-0.1,-0.3,Novi Sad,Glozan,Jabuka
2018-12-03 02:00:00,1.01,1.11,0.9,100.0,,,0.0,0.0,0.2,-0.1,Novi Sad,Glozan,Jabuka
2018-12-03 03:00:00,1.33,1.63,0.99,100.0,,,0.0,0.2,0.4,0.1,Novi Sad,Glozan,Jabuka
2018-12-03 04:00:00,1.78,2.17,1.62,100.0,,,0.0,0.6,0.8,0.4,Novi Sad,Glozan,Jabuka
2018-12-03 05:00:00,1.59,1.87,1.28,100.0,,,0.0,0.8,1.0,0.8,Novi Sad,Glozan,Jabuka
2018-12-03 06:00:00,1.71,2.03,1.57,100.0,,,0.0,1.0,1.1,0.8,Novi Sad,Glozan,Jabuka
2018-12-03 07:00:00,1.89,2.21,1.24,100.0,,,0.0,0.5,0.9,0.3,Novi Sad,Glozan,Jabuka
2018-12-03 08:00:00,1.28,1.84,0.87,100.0,,,0.0,0.8,1.5,0.5,Novi Sad,Glozan,Jabuka
2018-12-03 09:00:00,2.82,3.77,1.91,100.0,,,0.0,2.4,3.4,1.6,Novi Sad,Glozan,Jabuka
2018-12-03 10:00:00,5.95,8.8,4.06,97.41,,,0.0,5.2,6.8,3.7,Novi Sad,Glozan,Jabuka
2018-12-03 11:00:00,12.9,13.76,9.27,62.46,,,0.0,9.1,10.3,7.3,Novi Sad,Glozan,Jabuka
2018-12-03 12:00:00,13.51,13.78,13.27,54.61,,,0.0,10.3,10.6,10.0,Novi Sad,Glozan,Jabuka
2018-12-03 13:00:00,12.96,13.32,12.47,55.06,,,0.0,9.5,10.0,8.6,Novi Sad,Glozan,Jabuka
2018-12-03 14:00:00,11.98,12.6,10.95,57.5,,,0.0,7.7,8.5,7.2,Novi Sad,Glozan,Jabuka
2018-12-03 15:00:00,10.12,10.8,9.5,82.46,,,0.2,7.2,7.4,7.1,Novi Sad,Glozan,Jabuka
2018-12-03 16:00:00,9.81,10.22,9.43,90.68,,,0.0,6.7,7.1,6.4,Novi Sad,Glozan,Jabuka
2018-12-03 17:00:00,9.03,9.8,8.09,95.51,,,0.2,6.1,6.3,5.9,Novi Sad,Glozan,Jabuka
2018-12-03 18:00:00,8.23,8.46,7.81,100.0,,,0.0,5.8,5.9,5.7,Novi Sad,Glozan,Jabuka
2018-12-03 19:00:00,7.46,7.72,7.2,100.0,,,0.2,5.7,5.9,5.6,Novi Sad,Glozan,Jabuka
2018-12-03 20:00:00,7.3,7.42,7.2,100.0,,,0.2,5.7,5.8,5.7,Novi Sad,Glozan,Jabuka
2018-12-03 21:00:00,7.23,7.37,7.13,100.0,,,0.6,5.6,5.8,5.6,Novi Sad,Glozan,Jabuka
2018-12-03 22:00:00,7.06,7.26,6.88,100.0,,,0.4,5.3,5.5,5.2,Novi Sad,Glozan,Jabuka
2018-12-03 23:00:00,7.18,7.47,6.96,100.0,,,0.0,5.4,5.6,5.3,Novi Sad,Glozan,Jabuka
2018-12-04 00:00:00,6.98,7.16,6.35,100.0,,,0.0,5.3,5.7,4.9,Novi Sad,Glozan,Jabuka
2018-12-04 01:00:00,6.67,7.17,6.41,100.0,,,0.0,4.9,5.3,4.6,Novi Sad,Glozan,Jabuka
2018-12-04 02:00:00,7.05,7.33,6.72,100.0,,,0.0,5.1,5.4,4.7,Novi Sad,Glozan,Jabuka
2018-12-04 03:00:00,6.16,6.67,5.92,100.0,,,0.0,4.7,4.9,4.7,Novi Sad,Glozan,Jabuka
2018-12-04 04:00:00,5.84,5.96,5.71,100.0,,,0.2,4.6,4.8,4.6,Novi Sad,Glozan,Jabuka
2018-12-04 05:00:00,5.54,5.74,5.42,100.0,,,0.0,4.5,4.8,4.5,Novi Sad,Glozan,Jabuka
2018-12-04 06:00:00,5.43,5.53,5.23,100.0,,,0.0,4.4,4.5,4.3,Novi Sad,Glozan,Jabuka
2018-12-04 07:00:00,5.19,5.37,5.01,100.0,,,0.0,4.2,4.3,4.1,Novi Sad,Glozan,Jabuka
2018-12-04 08:00:00,5.65,6.13,4.83,100.0,,,0.0,4.7,5.3,4.1,Novi Sad,Glozan,Jabuka
2018-12-04 09:00:00,6.52,6.87,6.13,100.0,,,0.0,5.8,6.4,5.4,Novi Sad,Glozan,Jabuka
2018-12-04 10:00:00,8.01,8.56,7.21,100.0,,,0.0,7.5,8.0,6.6,Novi Sad,Glozan,Jabuka
2018-12-04 11:00:00,8.19,8.56,7.85,100.0,,,0.6,7.5,8.1,7.2,Novi Sad,Glozan,Jabuka
2018-12-04 12:00:00,7.82,7.91,7.75,100.0,,,1.6,7.2,7.4,7.1,Novi Sad,Glozan,Jabuka
2018-12-04 13:00:00,8.29,8.62,7.9,100.0,,,0.8,7.7,8.0,7.4,Novi Sad,Glozan,Jabuka
2018-12-04 14:00:00,8.47,8.74,8.27,100.0,,,0.6,7.9,8.2,7.8,Novi Sad,Glozan,Jabuka
2018-12-04 15:00:00,8.63,8.86,8.15,100.0,,,0.0,7.6,7.9,7.4,Novi Sad,Glozan,Jabuka
2018-12-04 16:00:00,8.88,9.04,8.76,100.0,,,0.8,7.4,7.5,7.2,Novi Sad,Glozan,Jabuka
2018-12-04 17:00:00,8.17,8.95,7.55,100.0,,,0.0,6.9,7.2,6.7,Novi Sad,Glozan,Jabuka
2018-12-04 18:00:00,8.31,8.44,8.22,100.0,,,0.0,6.7,6.9,6.6,Novi Sad,Glozan,Jabuka
2018-12-04 19:00:00,8.22,8.32,8.09,100.0,,,0.0,6.6,6.9,6.5,Novi Sad,Glozan,Jabuka
2018-12-04 20:00:00,8.48,8.72,8.35,100.0,,,0.0,6.6,6.8,6.5,Novi Sad,Glozan,Jabuka
2018-12-04 21:00:00,8.71,8.92,8.54,100.0,,,0.0,6.6,6.8,6.5,Novi Sad,Glozan,Jabuka
2018-12-04 22:00:00,8.29,8.85,7.81,98.97,,,0.0,6.1,6.6,5.7,Novi Sad,Glozan,Jabuka
2018-12-04 23:00:00,7.58,7.99,6.99,99.02,,,0.0,5.3,5.5,4.9,Novi Sad,Glozan,Jabuka
2018-12-05 00:00:00,6.4,6.89,6.09,98.09,,,0.0,4.1,4.6,3.9,Novi Sad,Glozan,Jabuka
2018-12-05 01:00:00,5.71,6.19,5.25,95.81,,,0.0,3.4,3.9,3.1,Novi Sad,Glozan,Jabuka
2018-12-05 02:00:00,5.02,5.18,4.81,96.81,,,0.0,2.8,3.1,2.7,Novi Sad,Glozan,Jabuka
2018-12-05 03:00:00,4.86,5.23,4.44,95.3,,,0.0,2.8,3.1,2.6,Novi Sad,Glozan,Jabuka
2018-12-05 04:00:00,4.28,4.65,4.1,94.11,,,0.0,2.3,2.6,2.1,Novi Sad,Glozan,Jabuka
2018-12-05 05:00:00,3.87,4.08,3.77,94.16,,,0.0,2.0,2.2,1.9,Novi Sad,Glozan,Jabuka
2018-12-05 06:00:00,3.59,3.91,3.22,94.72,,,0.0,1.7,2.0,1.6,Novi Sad,Glozan,Jabuka
2018-12-05 07:00:00,3.01,3.27,2.68,96.24,,,0.0,1.3,1.6,1.2,Novi Sad,Glozan,Jabuka
2018-12-05 08:00:00,2.69,2.83,2.53,97.43,,,0.0,1.3,1.4,1.2,Novi Sad,Glozan,Jabuka
2018-12-05 09:00:00,3.19,4.01,2.73,97.05,,,0.0,1.9,2.8,1.3,Novi Sad,Glozan,Jabuka
2018-12-05 10:00:00,4.45,5.14,3.8,92.6,,,0.0,3.5,4.6,2.8,Novi Sad,Glozan,Jabuka
2018-12-05 11:00:00,5.46,5.78,5.23,85.59,,,0.0,5.2,5.7,4.8,Novi Sad,Glozan,Jabuka
2018-12-05 12:00:00,5.87,6.09,5.43,78.49,,,0.0,5.7,6.2,5.3,Novi Sad,Glozan,Jabuka
2018-12-05 13:00:00,6.07,6.51,5.66,76.97,,,0.0,6.1,6.9,5.8,Novi Sad,Glozan,Jabuka
2018-12-05 14:00:00,6.41,6.7,6.03,73.02,,,0.0,6.8,7.1,6.5,Novi Sad,Glozan,Jabuka
2018-12-05 15:00:00,5.8,6.04,5.63,72.47,,,0.0,5.0,6.2,4.4,Novi Sad,Glozan,Jabuka
2018-12-05 16:00:00,5.0,5.97,3.74,79.7,,,0.0,4.0,4.8,3.0,Novi Sad,Glozan,Jabuka
2018-12-05 17:00:00,3.71,4.43,2.98,89.8,,,0.0,2.0,3.0,1.3,Novi Sad,Glozan,Jabuka
2018-12-05 18:00:00,2.38,3.08,1.03,98.2,,,0.0,0.8,1.2,0.6,Novi Sad,Glozan,Jabuka
2018-12-05 19:00:00,1.24,1.66,0.78,100.0,,,0.0,0.5,0.7,0.3,Novi Sad,Glozan,Jabuka
2018-12-05 20:00:00,-0.29,0.99,-1.64,100.0,,,0.0,0.0,0.3,-0.1,Novi Sad,Glozan,Jabuka
2018-12-05 21:00:00,-0.31,0.2,-0.94,100.0,,,0.0,-0.1,0.1,-0.3,Novi Sad,Glozan,Jabuka
2018-12-05 22:00:00,-0.82,-0.44,-1.6,100.0,,,0.0,-0.3,-0.3,-0.5,Novi Sad,Glozan,Jabuka
2018-12-05 23:00:00,-1.58,-0.61,-1.85,100.0,,,0.0,-0.5,-0.4,-0.8,Novi Sad,Glozan,Jabuka
2018-12-06 00:00:00,-1.98,-1.22,-2.52,100.0,,,0.0,-0.7,-0.5,-0.8,Novi Sad,Glozan,Jabuka
2018-12-06 01:00:00,-2.19,-1.23,-3.06,100.0,,,0.0,-0.9,-0.7,-1.0,Novi Sad,Glozan,Jabuka
2018-12-06 02:00:00,-3.39,-2.56,-3.96,100.0,,,0.0,-1.1,-0.9,-1.3,Novi Sad,Glozan,Jabuka
2018-12-06 03:00:00,-2.81,-1.96,-3.86,100.0,,,0.0,-1.2,-1.2,-1.4,Novi Sad,Glozan,Jabuka
2018-12-06 04:00:00,-3.25,-2.45,-4.63,100.0,,,0.0,-1.4,-1.3,-1.7,Novi Sad,Glozan,Jabuka
2018-12-06 05:00:00,-4.24,-3.04,-4.98,100.0,,,0.0,-1.7,-1.5,-1.9,Novi Sad,Glozan,Jabuka
2018-12-06 06:00:00,-4.22,-3.42,-5.06,100.0,,,0.0,-1.9,-1.7,-2.1,Novi Sad,Glozan,Jabuka
2018-12-06 07:00:00,-4.62,-3.65,-5.3,100.0,,,0.0,-2.2,-2.1,-2.3,Novi Sad,Glozan,Jabuka
2018-12-06 08:00:00,-4.29,-2.65,-5.35,100.0,,,0.0,-1.8,-1.3,-2.2,Novi Sad,Glozan,Jabuka
2018-12-06 09:00:00,-2.15,-1.61,-2.76,100.0,,,0.0,-0.8,-0.6,-1.1,Novi Sad,Glozan,Jabuka
2018-12-06 10:00:00,-0.52,-0.21,-1.26,100.0,,,0.0,-0.3,-0.2,-0.5,Novi Sad,Glozan,Jabuka
2018-12-06 11:00:00,0.59,1.48,-0.1,100.0,,,0.2,-0.1,0.2,-0.3,Novi Sad,Glozan,Jabuka
2018-12-06 12:00:00,2.96,4.0,1.53,99.72,,,0.0,1.8,3.9,0.4,Novi Sad,Glozan,Jabuka
2018-12-06 13:00:00,4.79,5.41,4.26,94.17,,,0.0,5.6,6.8,4.3,Novi Sad,Glozan,Jabuka
2018-12-06 14:00:00,5.72,6.2,5.32,80.4,,,0.0,7.2,7.6,6.8,Novi Sad,Glozan,Jabuka
2018-12-06 15:00:00,5.69,6.17,5.07,70.3,,,0.0,6.6,7.3,5.9,Novi Sad,Glozan,Jabuka
2018-12-06 16:00:00,4.1,5.27,2.77,74.96,,,0.0,3.6,5.6,1.9,Novi Sad,Glozan,Jabuka
2018-12-06 17:00:00,1.47,1.92,0.92,89.77,,,0.0,0.8,1.6,0.4,Novi Sad,Glozan,Jabuka
2018-12-06 18:00:00,-0.1,1.09,-1.63,98.07,,,0.0,0.0,0.3,-0.2,Novi Sad,Glozan,Jabuka
2018-12-06 19:00:00,-1.83,-1.36,-2.3,100.0,,,0.0,-0.3,-0.1,-0.5,Novi Sad,Glozan,Jabuka
2018-12-06 20:00:00,-2.11,-1.53,-3.22,100.0,,,0.0,-0.5,-0.5,-0.7,Novi Sad,Glozan,Jabuka
2018-12-06 21:00:00,-2.71,-1.92,-3.48,100.0,,,0.0,-0.7,-0.6,-0.8,Novi Sad,Glozan,Jabuka
2018-12-06 22:00:00,-2.78,-2.35,-3.17,100.0,,,0.0,-0.9,-0.6,-1.1,Novi Sad,Glozan,Jabuka
2018-12-06 23:00:00,-3.22,-2.13,-3.75,100.0,,,0.0,-1.1,-1.0,-1.3,Novi Sad,Glozan,Jabuka
2018-12-07 00:00:00,-2.51,-1.98,-3.12,100.0,,,0.0,-1.2,-1.2,-1.5,Novi Sad,Glozan,Jabuka
2018-12-07 01:00:00,-3.71,-2.93,-4.0,100.0,,,0.0,-1.3,-1.2,-1.5,Novi Sad,Glozan,Jabuka
2018-12-07 02:00:00,-3.15,-2.95,-3.46,100.0,,,0.0,-1.2,-1.0,-1.5,Novi Sad,Glozan,Jabuka
2018-12-07 03:00:00,-3.3,-2.94,-3.66,100.0,,,0.0,-1.3,-1.0,-1.5,Novi Sad,Glozan,Jabuka
2018-12-07 04:00:00,-1.99,-1.69,-2.65,100.0,,,0.0,-0.7,-0.5,-0.9,Novi Sad,Glozan,Jabuka
2018-12-07 05:00:00,-1.4,-1.1,-1.73,100.0,,,0.0,-0.4,-0.3,-0.6,Novi Sad,Glozan,Jabuka
2018-12-07 06:00:00,-0.84,-0.71,-1.08,100.0,,,0.0,-0.4,-0.3,-0.5,Novi Sad,Glozan,Jabuka
2018-12-07 07:00:00,-0.51,-0.4,-0.69,100.0,,,0.0,-0.3,-0.3,-0.5,Novi Sad,Glozan,Jabuka
2018-12-07 08:00:00,-0.21,-0.12,-0.32,100.0,,,0.0,-0.2,0.0,-0.3,Novi Sad,Glozan,Jabuka
2018-12-07 09:00:00,0.51,1.97,-0.1,99.81,,,0.0,0.1,0.4,0.0,Novi Sad,Glozan,Jabuka
2018-12-07 10:00:00,3.09,3.73,2.37,83.37,,,0.0,0.9,2.0,0.4,Novi Sad,Glozan,Jabuka
2018-12-07 11:00:00,6.01,6.78,4.4,68.74,,,0.0,4.4,5.7,2.4,Novi Sad,Glozan,Jabuka
2018-12-07 12:00:00,7.38,8.08,6.53,57.36,,,0.0,7.8,12.4,5.7,Novi Sad,Glozan,Jabuka
2018-12-07 13:00:00,8.27,8.79,7.67,47.37,,,0.0,11.2,12.1,10.4,Novi Sad,Glozan,Jabuka
2018-12-07 14:00:00,9.02,9.15,8.88,40.11,,,0.0,10.9,11.6,10.0,Novi Sad,Glozan,Jabuka
2018-12-07 15:00:00,8.9,9.74,7.94,45.44,,,0.0,10.6,12.4,8.6,Novi Sad,Glozan,Jabuka
2018-12-07 16:00:00,6.79,7.79,5.26,60.23,,,0.0,5.3,8.2,2.0,Novi Sad,Glozan,Jabuka
2018-12-07 17:00:00,4.96,5.36,4.61,79.13,,,0.0,0.7,1.5,0.2,Novi Sad,Glozan,Jabuka
2018-12-07 18:00:00,2.94,4.19,1.65,89.83,,,0.0,0.0,1.1,-1.1,Novi Sad,Glozan,Jabuka
2018-12-07 19:00:00,2.48,3.58,1.23,80.16,,,0.0,-0.3,0.0,-0.7,Novi Sad,Glozan,Jabuka
2018-12-07 20:00:00,2.24,3.06,0.49,78.22,,,0.0,-0.6,0.4,-1.6,Novi Sad,Glozan,Jabuka
2018-12-07 21:00:00,1.04,1.72,0.38,91.97,,,0.0,-2.1,-1.6,-2.4,Novi Sad,Glozan,Jabuka
2018-12-07 22:00:00,6.9,9.66,1.35,58.85,,,0.0,2.2,5.5,-1.7,Novi Sad,Glozan,Jabuka
2018-12-07 23:00:00,9.92,10.28,9.37,50.47,,,0.0,7.1,8.0,5.9,Novi Sad,Glozan,Jabuka
2018-12-08 00:00:00,10.25,10.54,9.94,54.71,,,0.0,8.3,8.6,8.0,Novi Sad,Glozan,Jabuka
2018-12-08 01:00:00,9.48,10.49,8.33,58.4,,,0.0,7.5,8.3,6.5,Novi Sad,Glozan,Jabuka
2018-12-08 02:00:00,9.41,10.02,8.28,56.5,,,0.0,7.2,7.9,6.3,Novi Sad,Glozan,Jabuka
2018-12-08 03:00:00,5.72,8.79,4.61,85.58,,,0.0,4.5,5.9,3.6,Novi Sad,Glozan,Jabuka
2018-12-08 04:00:00,5.95,8.03,3.88,84.35,,,0.0,4.5,5.3,3.6,Novi Sad,Glozan,Jabuka
2018-12-08 05:00:00,3.7,4.0,3.52,100.0,,,0.0,3.2,3.4,2.9,Novi Sad,Glozan,Jabuka
2018-12-08 06:00:00,4.89,7.31,3.62,94.17,,,0.0,3.4,4.1,3.0,Novi Sad,Glozan,Jabuka
2018-12-08 07:00:00,8.82,9.75,7.22,61.93,,,0.0,5.8,7.0,4.2,Novi Sad,Glozan,Jabuka
2018-12-08 08:00:00,9.35,9.58,9.05,57.48,,,0.0,7.7,8.0,7.1,Novi Sad,Glozan,Jabuka
2018-12-08 09:00:00,8.01,9.36,6.18,73.53,,,0.0,7.0,8.2,5.7,Novi Sad,Glozan,Jabuka
2018-12-08 10:00:00,5.71,6.16,5.36,98.83,,,1.8,5.1,5.7,4.8,Novi Sad,Glozan,Jabuka
2018-12-08 11:00:00,6.77,7.32,6.14,100.0,,,0.2,6.3,7.0,5.7,Novi Sad,Glozan,Jabuka
2018-12-08 12:00:00,7.58,7.75,7.33,100.0,,,0.4,7.1,7.4,7.0,Novi Sad,Glozan,Jabuka
2018-12-08 13:00:00,8.16,8.56,7.81,100.0,,,0.4,7.7,7.9,7.5,Novi Sad,Glozan,Jabuka
2018-12-08 14:00:00,8.78,8.9,8.63,99.14,,,0.0,7.7,8.1,7.4,Novi Sad,Glozan,Jabuka
2018-12-08 15:00:00,8.35,8.77,7.93,93.53,,,0.0,6.9,7.3,6.6,Novi Sad,Glozan,Jabuka
2018-12-08 16:00:00,7.67,7.93,7.52,92.97,,,0.0,6.4,6.6,6.2,Novi Sad,Glozan,Jabuka
2018-12-08 17:00:00,7.14,7.61,6.84,92.92,,,0.0,5.3,6.2,4.7,Novi Sad,Glozan,Jabuka
2018-12-08 18:00:00,6.71,6.85,6.47,94.23,,,0.0,4.6,4.8,4.5,Novi Sad,Glozan,Jabuka
2018-12-08 19:00:00,6.58,7.06,6.1,95.08,,,0.0,4.5,4.9,4.3,Novi Sad,Glozan,Jabuka
2018-12-08 20:00:00,6.73,6.87,6.55,95.35,,,0.0,4.9,5.1,4.7,Novi Sad,Glozan,Jabuka
2018-12-08 21:00:00,6.83,7.21,6.65,87.54,,,0.0,5.0,5.2,4.9,Novi Sad,Glozan,Jabuka
2018-12-08 22:00:00,5.91,6.42,5.59,97.29,,,0.0,4.3,4.9,3.8,Novi Sad,Glozan,Jabuka
2018-12-08 23:00:00,5.28,5.58,4.78,100.0,,,0.0,3.4,3.9,2.8,Novi Sad,Glozan,Jabuka
2018-12-09 00:00:00,4.59,4.8,4.37,100.0,,,0.0,2.4,2.8,2.2,Novi Sad,Glozan,Jabuka
2018-12-09 01:00:00,4.12,4.39,3.83,100.0,,,0.0,2.0,2.6,0.9,Novi Sad,Glozan,Jabuka
2018-12-09 02:00:00,3.74,3.99,3.39,100.0,,,0.0,0.9,1.2,0.6,Novi Sad,Glozan,Jabuka
2018-12-09 03:00:00,3.65,3.97,3.32,100.0,,,0.0,1.2,1.5,0.9,Novi Sad,Glozan,Jabuka
2018-12-09 04:00:00,2.71,3.32,2.14,100.0,,,0.0,-0.4,0.5,-1.1,Novi Sad,Glozan,Jabuka
2018-12-09 05:00:00,2.53,3.01,2.21,100.0,,,0.0,-0.5,0.2,-1.1,Novi Sad,Glozan,Jabuka
2018-12-09 06:00:00,1.65,2.71,0.95,100.0,,,0.0,-1.8,-0.7,-2.5,Novi Sad,Glozan,Jabuka
2018-12-09 07:00:00,2.92,4.45,2.08,98.48,,,0.0,-0.3,0.8,-0.7,Novi Sad,Glozan,Jabuka
2018-12-09 08:00:00,4.76,5.15,4.58,85.34,,,0.0,2.4,4.2,1.2,Novi Sad,Glozan,Jabuka
2018-12-09 09:00:00,6.71,8.04,5.19,73.75,,,0.0,7.5,10.4,4.7,Novi Sad,Glozan,Jabuka
2018-12-09 10:00:00,8.96,9.53,8.1,60.61,,,0.0,11.8,12.2,11.2,Novi Sad,Glozan,Jabuka
2018-12-09 11:00:00,10.61,11.34,9.55,50.44,,,0.0,13.0,14.5,10.8,Novi Sad,Glozan,Jabuka
2018-12-09 12:00:00,10.69,11.15,10.43,47.32,,,0.0,13.7,14.6,12.9,Novi Sad,Glozan,Jabuka
2018-12-09 13:00:00,10.52,11.74,10.07,49.31,,,0.0,11.8,16.1,10.5,Novi Sad,Glozan,Jabuka
2018-12-09 14:00:00,10.91,11.68,10.34,48.4,,,0.0,12.8,16.8,10.6,Novi Sad,Glozan,Jabuka
2018-12-09 15:00:00,10.07,10.47,9.55,55.06,,,0.0,10.1,10.8,8.6,Novi Sad,Glozan,Jabuka
2018-12-09 16:00:00,8.24,9.38,6.94,65.5,,,0.0,6.0,8.3,4.0,Novi Sad,Glozan,Jabuka
2018-12-09 17:00:00,6.69,7.0,6.35,78.62,,,0.0,3.7,4.5,3.2,Novi Sad,Glozan,Jabuka
2018-12-09 18:00:00,6.57,7.16,5.7,86.43,,,0.0,4.7,5.2,4.3,Novi Sad,Glozan,Jabuka
2018-12-09 19:00:00,8.6,9.28,7.48,67.29,,,0.0,5.9,6.6,5.2,Novi Sad,Glozan,Jabuka
2018-12-09 20:00:00,8.56,9.06,8.16,69.63,,,0.0,6.6,7.4,5.9,Novi Sad,Glozan,Jabuka
2018-12-09 21:00:00,8.42,8.67,8.1,83.59,,,0.0,7.2,7.5,6.9,Novi Sad,Glozan,Jabuka
2018-12-09 22:00:00,7.89,8.02,7.76,91.59,,,0.0,6.6,6.9,6.4,Novi Sad,Glozan,Jabuka
2018-12-09 23:00:00,7.47,7.81,7.16,93.94,,,0.0,6.0,6.6,5.7,Novi Sad,Glozan,Jabuka
2018-12-10 00:00:00,6.57,7.09,6.02,98.71,,,0.0,5.0,5.5,4.5,Novi Sad,Glozan,Jabuka
2018-12-10 01:00:00,6.27,6.92,5.69,99.67,,,0.0,4.7,5.4,4.3,Novi Sad,Glozan,Jabuka
2018-12-10 02:00:00,6.13,6.53,5.75,99.59,,,0.0,4.2,4.5,3.9,Novi Sad,Glozan,Jabuka
2018-12-14 10:00:00,-1.38,-1.38,-1.38,100.0,,,,1.3,1.3,1.3,Novi Sad,Glozan,Jabuka
2018-12-14 11:00:00,-1.42,-1.4,-1.44,100.0,,,0.0,1.1,1.2,1.1,Novi Sad,Glozan,Jabuka
2018-12-14 12:00:00,-1.34,-1.18,-1.49,100.0,,,0.0,1.1,1.3,1.0,Novi Sad,Glozan,Jabuka
2018-12-14 13:00:00,-1.12,-1.02,-1.21,100.0,,,0.0,1.3,1.6,1.2,Novi Sad,Glozan,Jabuka
2018-12-14 14:00:00,-0.88,-0.79,-1.03,100.0,,,0.0,1.4,1.5,1.3,Novi Sad,Glozan,Jabuka
2018-12-14 15:00:00,-0.53,-0.32,-0.76,100.0,,,0.0,1.5,1.6,1.3,Novi Sad,Glozan,Jabuka
2018-12-14 16:00:00,-0.28,-0.27,-0.3,100.0,,,0.0,1.5,1.6,1.5,Novi Sad,Glozan,Jabuka
2018-12-14 17:00:00,-0.28,-0.25,-0.31,100.0,,,0.0,1.6,1.7,1.5,Novi Sad,Glozan,Jabuka
2018-12-14 18:00:00,-0.29,-0.26,-0.34,100.0,,,0.0,1.7,1.9,1.6,Novi Sad,Glozan,Jabuka
2018-12-14 19:00:00,-0.46,-0.29,-0.61,100.0,,,0.0,1.7,1.9,1.6,Novi Sad,Glozan,Jabuka
2018-12-14 20:00:00,-0.59,-0.56,-0.62,100.0,,,0.0,1.7,1.8,1.6,Novi Sad,Glozan,Jabuka
2018-12-14 21:00:00,-0.45,-0.28,-0.55,100.0,,,0.0,1.8,1.9,1.7,Novi Sad,Glozan,Jabuka
2018-12-14 22:00:00,-0.26,-0.19,-0.34,100.0,,,0.0,1.7,1.9,1.7,Novi Sad,Glozan,Jabuka
2018-12-14 23:00:00,-0.38,-0.35,-0.4,100.0,,,0.0,1.8,1.9,1.7,Novi Sad,Glozan,Jabuka
2018-12-15 00:00:00,-0.39,-0.37,-0.42,100.0,,,0.0,1.8,2.0,1.7,Novi Sad,Glozan,Jabuka
2018-12-15 01:00:00,-0.44,-0.38,-0.49,100.0,,,0.0,1.9,2.0,1.8,Novi Sad,Glozan,Jabuka
2018-12-15 02:00:00,-0.34,-0.33,-0.38,100.0,,,0.0,1.9,2.0,1.7,Novi Sad,Glozan,Jabuka
2018-12-15 03:00:00,-0.38,-0.35,-0.43,100.0,,,0.0,1.9,2.0,1.8,Novi Sad,Glozan,Jabuka
2018-12-15 04:00:00,-0.35,-0.34,-0.38,100.0,,,0.0,1.9,2.0,1.8,Novi Sad,Glozan,Jabuka
2018-12-15 05:00:00,-0.36,-0.34,-0.4,100.0,,,0.0,1.9,2.1,1.8,Novi Sad,Glozan,Jabuka
2018-12-15 06:00:00,-0.36,-0.34,-0.38,100.0,,,0.0,1.9,2.0,1.8,Novi Sad,Glozan,Jabuka
2018-12-15 07:00:00,-0.39,-0.36,-0.43,100.0,,,0.0,1.9,2.0,1.7,Novi Sad,Glozan,Jabuka
2018-12-15 08:00:00,-0.46,-0.41,-0.5,100.0,,,0.0,1.9,2.0,1.8,Novi Sad,Glozan,Jabuka
2018-12-15 09:00:00,-0.26,-0.17,-0.39,100.0,,,0.0,1.9,2.1,1.8,Novi Sad,Glozan,Jabuka
2018-12-15 10:00:00,-0.16,-0.13,-0.23,100.0,,,0.0,1.9,2.0,1.8,Novi Sad,Glozan,Jabuka
2018-12-15 11:00:00,-0.16,-0.13,-0.2,100.0,,,0.0,1.9,2.0,1.8,Novi Sad,Glozan,Jabuka
2018-12-15 12:00:00,-0.11,-0.09,-0.13,100.0,,,0.0,1.9,2.0,1.9,Novi Sad,Glozan,Jabuka
2018-12-15 13:00:00,-0.22,-0.14,-0.35,100.0,,,0.0,1.9,2.1,1.8,Novi Sad,Glozan,Jabuka
2018-12-15 14:00:00,-0.5,-0.35,-0.58,100.0,,,0.0,1.9,2.0,1.8,Novi Sad,Glozan,Jabuka
2018-12-15 15:00:00,-0.59,-0.56,-0.64,100.0,,,0.0,1.9,2.0,1.9,Novi Sad,Glozan,Jabuka
2018-12-15 16:00:00,-0.63,-0.61,-0.65,100.0,,,0.0,1.8,2.0,1.7,Novi Sad,Glozan,Jabuka
2018-12-15 17:00:00,-0.65,-0.63,-0.69,100.0,,,0.0,1.9,2.0,1.7,Novi Sad,Glozan,Jabuka
2018-12-15 18:00:00,-0.66,-0.63,-0.7,100.0,,,0.0,1.9,2.0,1.8,Novi Sad,Glozan,Jabuka
2018-12-15 19:00:00,-0.63,-0.61,-0.65,100.0,,,0.0,1.8,1.9,1.8,Novi Sad,Glozan,Jabuka
2018-12-15 20:00:00,-0.63,-0.6,-0.66,100.0,,,0.0,1.8,1.9,1.8,Novi Sad,Glozan,Jabuka
2018-12-15 21:00:00,-0.62,-0.6,-0.67,100.0,,,0.0,1.8,1.9,1.7,Novi Sad,Glozan,Jabuka
2018-12-15 22:00:00,-0.75,-0.69,-0.8,100.0,,,0.0,1.8,1.9,1.8,Novi Sad,Glozan,Jabuka
2018-12-15 23:00:00,-0.8,-0.76,-0.85,100.0,,,0.0,1.8,1.9,1.7,Novi Sad,Glozan,Jabuka
2018-12-16 00:00:00,-0.82,-0.79,-0.9,100.0,,,0.0,1.8,1.9,1.7,Novi Sad,Glozan,Jabuka
2018-12-16 01:00:00,-0.77,-0.76,-0.79,100.0,,,0.0,1.8,1.9,1.7,Novi Sad,Glozan,Jabuka
2018-12-16 02:00:00,-0.71,-0.68,-0.76,100.0,,,0.0,1.8,1.9,1.8,Novi Sad,Glozan,Jabuka
2018-12-16 03:00:00,-0.69,-0.68,-0.72,100.0,,,0.0,1.8,1.9,1.7,Novi Sad,Glozan,Jabuka
2018-12-16 04:00:00,-0.66,-0.6,-0.74,100.0,,,0.0,1.8,2.0,1.8,Novi Sad,Glozan,Jabuka
2018-12-16 05:00:00,-0.63,-0.6,-0.67,100.0,,,0.0,1.8,1.9,1.8,Novi Sad,Glozan,Jabuka
2018-12-16 06:00:00,-0.7,-0.64,-0.74,100.0,,,0.0,1.8,1.9,1.8,Novi Sad,Glozan,Jabuka
2018-12-16 07:00:00,-0.8,-0.75,-0.84,100.0,,,0.0,1.8,1.9,1.6,Novi Sad,Glozan,Jabuka
2018-12-16 08:00:00,-1.01,-0.86,-1.2,100.0,,,0.0,1.7,1.9,1.6,Novi Sad,Glozan,Jabuka
2018-12-16 09:00:00,-1.2,-1.16,-1.26,100.0,,,0.0,1.8,1.9,1.6,Novi Sad,Glozan,Jabuka
2018-12-16 10:00:00,-1.03,-0.88,-1.17,100.0,,,0.0,1.7,1.8,1.7,Novi Sad,Glozan,Jabuka
2018-12-16 11:00:00,-0.6,-0.16,-1.0,100.0,,,0.0,1.8,1.9,1.6,Novi Sad,Glozan,Jabuka
2018-12-16 12:00:00,-0.29,-0.1,-0.42,100.0,,,0.0,1.8,1.9,1.7,Novi Sad,Glozan,Jabuka
2018-12-16 13:00:00,-0.33,-0.27,-0.44,100.0,,,0.0,1.8,1.9,1.8,Novi Sad,Glozan,Jabuka
2018-12-16 14:00:00,-0.39,-0.24,-0.51,100.0,,,0.0,1.7,1.8,1.7,Novi Sad,Glozan,Jabuka
2018-12-16 15:00:00,-0.79,-0.44,-0.96,99.79,,,0.0,1.8,1.9,1.7,Novi Sad,Glozan,Jabuka
2018-12-16 16:00:00,-1.84,-0.85,-3.27,100.0,,,0.0,1.7,1.9,1.6,Novi Sad,Glozan,Jabuka
2018-12-16 17:00:00,-5.53,-4.33,-7.01,100.0,,,0.0,1.7,1.9,1.6,Novi Sad,Glozan,Jabuka
2018-12-16 18:00:00,-5.76,-3.3,-10.53,100.0,,,0.0,1.7,1.9,1.7,Novi Sad,Glozan,Jabuka
2018-12-16 19:00:00,-9.42,-7.34,-10.98,100.0,,,0.0,1.6,1.9,1.4,Novi Sad,Glozan,Jabuka
2018-12-16 20:00:00,-11.92,-11.31,-12.37,100.0,,,0.0,1.7,1.9,1.7,Novi Sad,Glozan,Jabuka
2018-12-16 21:00:00,-13.05,-12.68,-13.44,100.0,,,0.0,1.7,1.9,1.6,Novi Sad,Glozan,Jabuka
2018-12-16 22:00:00,-13.9,-13.49,-14.61,100.0,,,0.0,1.7,1.9,1.6,Novi Sad,Glozan,Jabuka
2018-12-16 23:00:00,-15.0,-14.48,-15.57,99.98,,,0.0,1.7,2.0,1.6,Novi Sad,Glozan,Jabuka
2018-12-17 00:00:00,-15.71,-15.27,-16.02,99.43,,,0.0,1.6,1.9,1.6,Novi Sad,Glozan,Jabuka
2018-12-17 01:00:00,-15.66,-15.19,-16.03,99.23,,,0.0,1.7,1.8,1.6,Novi Sad,Glozan,Jabuka
2018-12-17 02:00:00,-14.88,-14.42,-15.2,99.89,,,0.0,1.7,1.9,1.6,Novi Sad,Glozan,Jabuka
2018-12-17 03:00:00,-14.2,-13.96,-14.45,100.0,,,0.0,1.7,1.9,1.6,Novi Sad,Glozan,Jabuka
2018-12-17 04:00:00,-13.73,-13.57,-13.96,100.0,,,0.0,1.7,1.9,1.6,Novi Sad,Glozan,Jabuka
2018-12-17 05:00:00,-13.08,-12.8,-13.49,100.0,,,0.0,1.7,1.8,1.7,Novi Sad,Glozan,Jabuka
2018-12-17 06:00:00,-12.49,-12.28,-12.72,100.0,,,0.0,1.7,1.9,1.6,Novi Sad,Glozan,Jabuka
2018-12-17 07:00:00,-11.73,-11.4,-12.25,100.0,,,0.0,1.7,1.9,1.6,Novi Sad,Glozan,Jabuka
2018-12-17 08:00:00,-11.19,-10.98,-11.28,100.0,,,0.0,1.6,1.7,1.6,Novi Sad,Glozan,Jabuka
2018-12-17 09:00:00,-9.79,-8.27,-10.84,100.0,,,0.0,1.7,1.9,1.7,Novi Sad,Glozan,Jabuka
2018-12-17 10:00:00,-7.14,-6.09,-8.09,100.0,,,0.0,1.7,1.9,1.7,Novi Sad,Glozan,Jabuka
2018-12-17 11:00:00,-5.1,-3.76,-6.49,100.0,,,0.0,1.7,1.9,1.7,Novi Sad,Glozan,Jabuka
2018-12-17 12:00:00,-4.43,-3.49,-5.38,100.0,,,0.0,1.7,1.9,1.6,Novi Sad,Glozan,Jabuka
2018-12-17 13:00:00,-2.96,-2.43,-4.11,100.0,,,0.0,1.7,2.1,1.6,Novi Sad,Glozan,Jabuka
2018-12-17 14:00:00,-2.96,-2.64,-3.34,100.0,,,0.0,1.6,1.9,1.4,Novi Sad,Glozan,Jabuka
2018-12-17 15:00:00,-2.44,-2.09,-2.8,100.0,,,0.0,1.6,1.8,1.6,Novi Sad,Glozan,Jabuka
2018-12-17 16:00:00,-3.13,-2.79,-3.56,100.0,,,0.0,1.7,1.9,1.6,Novi Sad,Glozan,Jabuka
2018-12-17 17:00:00,-3.94,-3.61,-4.17,100.0,,,0.0,1.6,1.8,1.6,Novi Sad,Glozan,Jabuka
2018-12-17 18:00:00,-4.23,-4.18,-4.28,100.0,,,0.0,1.6,1.8,1.5,Novi Sad,Glozan,Jabuka
2018-12-17 19:00:00,-4.52,-4.29,-5.02,100.0,,,0.0,1.6,1.7,1.6,Novi Sad,Glozan,Jabuka
2018-12-17 20:00:00,-5.2,-5.06,-5.29,100.0,,,0.0,1.6,1.7,1.6,Novi Sad,Glozan,Jabuka
2018-12-17 21:00:00,-5.26,-5.13,-5.39,100.0,,,0.0,1.6,1.8,1.5,Novi Sad,Glozan,Jabuka
2018-12-17 22:00:00,-5.01,-4.81,-5.17,100.0,,,0.0,1.7,1.8,1.6,Novi Sad,Glozan,Jabuka
2018-12-17 23:00:00,-4.74,-4.71,-4.78,100.0,,,0.0,1.6,1.8,1.6,Novi Sad,Glozan,Jabuka
2018-12-18 00:00:00,-4.58,-4.49,-4.69,100.0,,,0.0,1.6,1.7,1.6,Novi Sad,Glozan,Jabuka
2018-12-18 01:00:00,-4.41,-4.26,-4.51,100.0,,,0.0,1.6,1.7,1.5,Novi Sad,Glozan,Jabuka
2018-12-18 02:00:00,-4.09,-3.91,-4.23,100.0,,,0.0,1.6,1.7,1.6,Novi Sad,Glozan,Jabuka
2018-12-18 03:00:00,-3.86,-3.8,-3.9,100.0,,,0.0,1.6,1.7,1.5,Novi Sad,Glozan,Jabuka
2018-12-18 04:00:00,-3.97,-3.86,-4.14,100.0,,,0.0,1.6,1.7,1.5,Novi Sad,Glozan,Jabuka
2018-12-18 05:00:00,-3.96,-3.7,-4.13,100.0,,,0.0,1.5,1.6,1.5,Novi Sad,Glozan,Jabuka
2018-12-18 06:00:00,-3.73,-3.7,-3.79,100.0,,,0.0,1.6,1.6,1.6,Novi Sad,Glozan,Jabuka
2018-12-18 07:00:00,-3.71,-3.64,-3.94,100.0,,,0.0,1.6,1.7,1.6,Novi Sad,Glozan,Jabuka
2018-12-18 08:00:00,-5.37,-3.93,-6.23,100.0,,,0.0,1.6,1.7,1.5,Novi Sad,Glozan,Jabuka
2018-12-18 09:00:00,-4.96,-4.59,-5.6,100.0,,,0.0,1.6,1.7,1.5,Novi Sad,Glozan,Jabuka
2018-12-18 10:00:00,-5.35,-5.12,-5.55,100.0,,,0.0,1.6,1.7,1.5,Novi Sad,Glozan,Jabuka
2018-12-18 11:00:00,-4.76,-4.17,-5.36,100.0,,,0.0,1.6,1.7,1.6,Novi Sad,Glozan,Jabuka
2018-12-18 12:00:00,-4.0,-3.75,-4.38,100.0,,,0.0,1.6,1.7,1.6,Novi Sad,Glozan,Jabuka
2018-12-18 13:00:00,-3.86,-3.68,-4.02,100.0,,,0.0,1.5,1.7,1.4,Novi Sad,Glozan,Jabuka
2018-12-18 14:00:00,-3.55,-3.28,-4.02,100.0,,,0.0,1.5,1.7,1.5,Novi Sad,Glozan,Jabuka
2018-12-18 15:00:00,-3.4,-3.16,-3.52,100.0,,,0.0,1.5,1.6,1.5,Novi Sad,Glozan,Jabuka
2018-12-18 16:00:00,-3.31,-3.24,-3.44,100.0,,,0.0,1.6,1.6,1.6,Novi Sad,Glozan,Jabuka
2018-12-18 17:00:00,-3.15,-3.07,-3.25,100.0,,,0.0,1.5,1.6,1.5,Novi Sad,Glozan,Jabuka
2018-12-18 18:00:00,-3.35,-3.28,-3.41,100.0,,,0.0,1.5,1.6,1.5,Novi Sad,Glozan,Jabuka
2018-12-18 19:00:00,-3.0,-2.84,-3.2,100.0,,,0.0,1.5,1.6,1.5,Novi Sad,Glozan,Jabuka
2018-12-18 20:00:00,-3.58,-3.12,-4.13,100.0,,,0.0,1.5,1.6,1.5,Novi Sad,Glozan,Jabuka
2018-12-18 21:00:00,-5.92,-4.11,-7.55,100.0,,,0.0,1.5,1.7,1.5,Novi Sad,Glozan,Jabuka
2018-12-18 22:00:00,-9.37,-7.88,-10.48,100.0,,,0.0,1.5,1.6,1.5,Novi Sad,Glozan,Jabuka
2018-12-18 23:00:00,-8.64,-7.33,-10.12,100.0,,,0.0,1.5,1.7,1.4,Novi Sad,Glozan,Jabuka
2018-12-19 00:00:00,-6.16,-4.13,-7.41,100.0,,,0.0,1.5,1.6,1.4,Novi Sad,Glozan,Jabuka
2018-12-19 01:00:00,-5.02,-4.46,-5.26,100.0,,,0.0,1.5,1.7,1.5,Novi Sad,Glozan,Jabuka
2018-12-19 02:00:00,-4.95,-4.02,-5.36,100.0,,,0.0,1.5,1.6,1.4,Novi Sad,Glozan,Jabuka
2018-12-19 03:00:00,-4.79,-4.05,-5.15,100.0,,,0.0,1.6,1.7,1.5,Novi Sad,Glozan,Jabuka
2018-12-19 04:00:00,-5.34,-4.33,-6.11,100.0,,,0.0,1.6,1.7,1.5,Novi Sad,Glozan,Jabuka
2018-12-19 05:00:00,-5.91,-5.73,-6.11,100.0,,,0.0,1.5,1.7,1.4,Novi Sad,Glozan,Jabuka
2018-12-19 06:00:00,-6.7,-6.24,-6.92,100.0,,,0.0,1.5,1.6,1.4,Novi Sad,Glozan,Jabuka
2018-12-19 07:00:00,-7.31,-6.87,-7.77,100.0,,,0.0,1.5,1.7,1.5,Novi Sad,Glozan,Jabuka
2018-12-19 08:00:00,-7.74,-7.43,-7.88,100.0,,,0.0,1.5,1.6,1.4,Novi Sad,Glozan,Jabuka
2018-12-19 09:00:00,-6.98,-6.78,-7.31,100.0,,,0.0,1.5,1.6,1.4,Novi Sad,Glozan,Jabuka
2018-12-19 10:00:00,-6.16,-5.93,-6.49,100.0,,,0.0,1.5,1.7,1.4,Novi Sad,Glozan,Jabuka
2018-12-19 11:00:00,-5.75,-4.49,-6.74,100.0,,,0.0,1.5,1.7,1.4,Novi Sad,Glozan,Jabuka
2018-12-19 12:00:00,-4.93,-4.1,-5.52,100.0,,,0.0,1.6,1.6,1.6,Novi Sad,Glozan,Jabuka
2018-12-19 13:00:00,-4.53,-3.9,-5.04,100.0,,,0.0,1.5,1.6,1.4,Novi Sad,Glozan,Jabuka
2018-12-19 14:00:00,-3.86,-3.28,-4.43,100.0,,,0.0,1.5,1.7,1.4,Novi Sad,Glozan,Jabuka
2018-12-19 15:00:00,-3.12,-2.85,-3.41,100.0,,,0.0,1.5,1.7,1.4,Novi Sad,Glozan,Jabuka
2018-12-19 16:00:00,-3.23,-2.83,-3.51,100.0,,,0.0,1.4,1.7,1.3,Novi Sad,Glozan,Jabuka
2018-12-19 17:00:00,-3.87,-3.57,-4.04,100.0,,,0.0,1.4,1.6,1.4,Novi Sad,Glozan,Jabuka
2018-12-19 18:00:00,-3.6,-3.24,-3.99,100.0,,,0.0,1.4,1.7,1.4,Novi Sad,Glozan,Jabuka
2018-12-19 19:00:00,-3.39,-3.22,-3.71,100.0,,,0.0,1.5,1.6,1.4,Novi Sad,Glozan,Jabuka
2018-12-19 20:00:00,-3.95,-3.76,-4.14,100.0,,,0.0,1.4,1.6,1.3,Novi Sad,Glozan,Jabuka
2018-12-19 21:00:00,-4.06,-3.92,-4.21,100.0,,,0.0,1.5,1.6,1.4,Novi Sad,Glozan,Jabuka
2018-12-19 22:00:00,-3.59,-3.28,-3.78,100.0,,,0.0,1.4,1.5,1.4,Novi Sad,Glozan,Jabuka
2018-12-19 23:00:00,-4.11,-3.59,-4.65,100.0,,,0.0,1.4,1.5,1.4,Novi Sad,Glozan,Jabuka
2018-12-20 00:00:00,-4.82,-4.23,-5.17,100.0,,,0.0,1.5,1.6,1.4,Novi Sad,Glozan,Jabuka
2018-12-20 01:00:00,-4.32,-4.15,-4.47,100.0,,,0.0,1.4,1.6,1.4,Novi Sad,Glozan,Jabuka
2018-12-20 02:00:00,-3.87,-3.54,-4.18,100.0,,,0.0,1.5,1.6,1.4,Novi Sad,Glozan,Jabuka
2018-12-20 03:00:00,-3.69,-3.46,-4.02,100.0,,,0.0,1.4,1.6,1.4,Novi Sad,Glozan,Jabuka
2018-12-20 04:00:00,-4.27,-4.08,-4.44,100.0,,,0.0,1.4,1.6,1.4,Novi Sad,Glozan,Jabuka
2018-12-20 05:00:00,-4.37,-4.17,-4.47,100.0,,,0.0,1.4,1.6,1.3,Novi Sad,Glozan,Jabuka
2018-12-20 06:00:00,-4.66,-4.28,-4.9,100.0,,,0.0,1.4,1.6,1.4,Novi Sad,Glozan,Jabuka
2018-12-20 07:00:00,-5.38,-4.9,-5.75,100.0,,,0.0,1.4,1.6,1.4,Novi Sad,Glozan,Jabuka
2018-12-20 08:00:00,-5.65,-5.53,-5.72,100.0,,,0.0,1.4,1.5,1.4,Novi Sad,Glozan,Jabuka
2018-12-20 09:00:00,-5.04,-4.56,-5.47,100.0,,,0.0,1.4,1.5,1.3,Novi Sad,Glozan,Jabuka
2018-12-20 10:00:00,-4.0,-3.71,-4.44,100.0,,,0.0,1.4,1.6,1.4,Novi Sad,Glozan,Jabuka
2018-12-20 11:00:00,-3.5,-3.14,-3.87,100.0,,,0.0,1.5,1.6,1.4,Novi Sad,Glozan,Jabuka
2018-12-20 12:00:00,-2.86,-1.92,-3.76,100.0,,,0.0,1.5,1.7,1.4,Novi Sad,Glozan,Jabuka
2018-12-20 13:00:00,-3.33,-2.79,-3.61,100.0,,,0.0,1.5,1.6,1.4,Novi Sad,Glozan,Jabuka
2018-12-20 14:00:00,-2.41,-1.81,-2.75,100.0,,,0.0,1.5,1.7,1.4,Novi Sad,Glozan,Jabuka
2018-12-20 15:00:00,-2.43,-2.19,-2.64,100.0,,,0.0,1.4,1.5,1.3,Novi Sad,Glozan,Jabuka
2018-12-20 16:00:00,-3.1,-2.51,-3.38,100.0,,,0.0,1.4,1.6,1.4,Novi Sad,Glozan,Jabuka
2018-12-20 17:00:00,-4.21,-3.49,-4.82,100.0,,,0.0,1.4,1.6,1.4,Novi Sad,Glozan,Jabuka
2018-12-20 18:00:00,-4.99,-4.46,-5.3,100.0,,,0.0,1.5,1.6,1.4,Novi Sad,Glozan,Jabuka
2018-12-20 19:00:00,-3.81,-3.52,-4.32,100.0,,,0.0,1.4,1.6,1.3,Novi Sad,Glozan,Jabuka
2018-12-20 20:00:00,-3.41,-3.2,-3.51,100.0,,,0.0,1.4,1.5,1.4,Novi Sad,Glozan,Jabuka
2018-12-20 21:00:00,-3.01,-2.85,-3.14,100.0,,,0.0,1.4,1.5,1.4,Novi Sad,Glozan,Jabuka
2018-12-20 22:00:00,-2.82,-2.81,-2.83,100.0,,,0.0,1.4,1.6,1.3,Novi Sad,Glozan,Jabuka
2018-12-20 23:00:00,-2.66,-2.58,-2.81,100.0,,,0.0,1.4,1.6,1.4,Novi Sad,Glozan,Jabuka
2018-12-21 00:00:00,-2.31,-2.01,-2.56,100.0,,,0.0,1.4,1.5,1.4,Novi Sad,Glozan,Jabuka
2018-12-21 01:00:00,-1.82,-1.66,-1.92,100.0,,,0.0,1.4,1.5,1.4,Novi Sad,Glozan,Jabuka
2018-12-21 02:00:00,-1.41,-1.28,-1.62,100.0,,,0.0,1.4,1.5,1.4,Novi Sad,Glozan,Jabuka
2018-12-21 03:00:00,-1.18,-1.13,-1.24,100.0,,,0.0,1.5,1.6,1.4,Novi Sad,Glozan,Jabuka
2018-12-21 04:00:00,-1.1,-1.03,-1.21,100.0,,,0.0,1.4,1.5,1.4,Novi Sad,Glozan,Jabuka
2018-12-21 05:00:00,-1.12,-0.93,-1.18,100.0,,,0.0,1.4,1.6,1.4,Novi Sad,Glozan,Jabuka
2018-12-21 06:00:00,-0.74,-0.64,-0.91,100.0,,,0.0,1.5,1.6,1.4,Novi Sad,Glozan,Jabuka
2018-12-21 07:00:00,-0.63,-0.58,-0.7,100.0,,,0.0,1.4,1.6,1.3,Novi Sad,Glozan,Jabuka
2018-12-21 08:00:00,-0.87,-0.68,-1.11,100.0,,,0.0,1.4,1.5,1.4,Novi Sad,Glozan,Jabuka
2018-12-21 09:00:00,-0.57,-0.1,-1.13,100.0,,,0.0,1.5,1.6,1.4,Novi Sad,Glozan,Jabuka
2018-12-21 10:00:00,0.02,0.48,-0.38,100.0,,,0.0,1.4,1.5,1.4,Novi Sad,Glozan,Jabuka
2018-12-21 11:00:00,1.36,2.49,0.55,100.0,,,0.0,1.4,1.6,1.4,Novi Sad,Glozan,Jabuka
2018-12-21 12:00:00,1.2,1.54,0.79,100.0,,,0.8,1.5,1.6,1.4,Novi Sad,Glozan,Jabuka
2018-12-21 13:00:00,1.31,1.82,1.19,100.0,,,2.8,1.4,1.5,1.3,Novi Sad,Glozan,Jabuka
2018-12-21 14:00:00,0.95,1.4,0.59,100.0,,,2.0,1.4,1.5,1.3,Novi Sad,Glozan,Jabuka
2018-12-21 15:00:00,0.65,0.98,0.47,100.0,,,0.8,1.3,1.6,1.3,Novi Sad,Glozan,Jabuka
2018-12-21 16:00:00,0.45,0.77,0.0,100.0,,,0.4,1.3,1.4,1.2,Novi Sad,Glozan,Jabuka
2018-12-21 17:00:00,-0.47,-0.16,-1.48,100.0,,,0.2,1.3,1.5,1.2,Novi Sad,Glozan,Jabuka
2018-12-21 18:00:00,-1.87,-1.44,-2.34,100.0,,,0.0,1.2,1.5,1.1,Novi Sad,Glozan,Jabuka
2018-12-21 19:00:00,-2.45,-1.94,-3.15,100.0,,,0.0,1.3,1.5,1.1,Novi Sad,Glozan,Jabuka
2018-12-21 20:00:00,0.24,3.64,-1.82,100.0,,,0.0,1.3,1.5,1.1,Novi Sad,Glozan,Jabuka
2018-12-21 21:00:00,4.71,5.44,3.4,98.94,,,1.2,1.3,1.5,1.2,Novi Sad,Glozan,Jabuka
2018-12-21 22:00:00,5.08,5.39,4.84,94.87,,,1.6,1.3,1.4,1.3,Novi Sad,Glozan,Jabuka
2018-12-21 23:00:00,5.65,6.68,5.08,84.73,,,1.2,1.3,1.5,1.3,Novi Sad,Glozan,Jabuka
2018-12-22 00:00:00,6.63,6.83,6.45,74.37,,,1.8,1.3,1.5,1.2,Novi Sad,Glozan,Jabuka
2018-12-22 01:00:00,6.92,7.32,6.65,70.81,,,1.6,1.3,1.4,1.3,Novi Sad,Glozan,Jabuka
2018-12-22 02:00:00,6.24,6.95,5.65,76.96,,,1.2,1.3,1.4,1.2,Novi Sad,Glozan,Jabuka
2018-12-22 03:00:00,6.15,6.44,5.75,80.41,,,0.4,1.3,1.5,1.3,Novi Sad,Glozan,Jabuka
2018-12-22 04:00:00,6.52,7.03,6.26,81.01,,,0.4,1.3,1.4,1.2,Novi Sad,Glozan,Jabuka
2018-12-22 05:00:00,6.64,6.88,6.44,80.07,,,0.0,1.3,1.5,1.3,Novi Sad,Glozan,Jabuka
2018-12-22 06:00:00,7.39,8.0,6.9,74.54,,,0.0,1.3,1.4,1.3,Novi Sad,Glozan,Jabuka
2018-12-22 07:00:00,7.51,7.77,7.17,74.33,,,0.0,1.3,1.5,1.3,Novi Sad,Glozan,Jabuka
2018-12-22 08:00:00,7.66,8.26,7.42,74.99,,,0.0,1.3,1.5,1.3,Novi Sad,Glozan,Jabuka
2018-12-22 09:00:00,8.29,8.73,8.09,73.65,,,0.0,1.4,1.5,1.3,Novi Sad,Glozan,Jabuka
2018-12-22 10:00:00,9.01,10.13,8.17,71.54,,,0.0,1.5,1.7,1.3,Novi Sad,Glozan,Jabuka
2018-12-22 11:00:00,10.46,10.64,10.3,65.95,,,0.0,1.7,1.9,1.6,Novi Sad,Glozan,Jabuka
2018-12-22 12:00:00,10.94,11.2,10.62,64.45,,,0.0,2.0,2.2,1.8,Novi Sad,Glozan,Jabuka
2018-12-22 13:00:00,11.0,11.19,10.79,64.15,,,0.0,2.5,2.8,2.3,Novi Sad,Glozan,Jabuka
2018-12-22 14:00:00,10.53,10.9,10.16,66.26,,,0.0,2.8,3.1,2.7,Novi Sad,Glozan,Jabuka
2018-12-22 15:00:00,10.18,10.54,9.71,68.51,,,0.0,3.1,3.4,3.1,Novi Sad,Glozan,Jabuka
2018-12-22 16:00:00,9.44,10.11,8.76,72.33,,,0.0,3.3,3.5,3.3,Novi Sad,Glozan,Jabuka
2018-12-22 17:00:00,8.23,8.85,7.53,78.59,,,0.0,3.4,3.5,3.4,Novi Sad,Glozan,Jabuka
2018-12-22 18:00:00,7.75,8.39,6.89,82.05,,,0.0,3.4,3.5,3.3,Novi Sad,Glozan,Jabuka
2018-12-22 19:00:00,6.79,7.58,6.3,89.99,,,0.0,3.3,3.4,3.1,Novi Sad,Glozan,Jabuka
2018-12-22 20:00:00,6.71,7.18,6.27,90.21,,,0.0,3.2,3.4,3.1,Novi Sad,Glozan,Jabuka
2018-12-22 21:00:00,7.35,8.92,6.48,87.74,,,0.0,3.1,3.2,3.1,Novi Sad,Glozan,Jabuka
2018-12-22 22:00:00,8.6,9.35,7.86,81.68,,,0.2,3.1,3.3,3.0,Novi Sad,Glozan,Jabuka
2018-12-22 23:00:00,6.49,7.33,5.05,97.28,,,0.0,3.0,3.1,3.0,Novi Sad,Glozan,Jabuka
2018-12-23 00:00:00,6.47,7.75,5.45,97.38,,,0.0,3.0,3.2,2.8,Novi Sad,Glozan,Jabuka
2018-12-23 01:00:00,5.88,6.66,5.18,98.43,,,0.0,2.9,3.1,2.9,Novi Sad,Glozan,Jabuka
2018-12-23 02:00:00,6.32,6.93,4.88,97.06,,,0.0,2.9,2.9,2.9,Novi Sad,Glozan,Jabuka
2018-12-23 03:00:00,5.73,6.89,4.79,99.96,,,0.0,2.7,2.9,2.7,Novi Sad,Glozan,Jabuka
2018-12-23 04:00:00,5.64,7.11,4.54,99.54,,,0.0,2.6,2.8,2.5,Novi Sad,Glozan,Jabuka
2018-12-23 05:00:00,4.47,5.28,2.99,100.0,,,0.0,2.6,2.7,2.5,Novi Sad,Glozan,Jabuka
2018-12-23 06:00:00,3.57,4.1,2.58,100.0,,,0.0,2.5,2.7,2.4,Novi Sad,Glozan,Jabuka
2018-12-23 07:00:00,4.05,4.26,3.87,100.0,,,0.2,2.5,2.6,2.4,Novi Sad,Glozan,Jabuka
2018-12-23 08:00:00,5.3,6.01,4.27,100.0,,,0.0,2.5,2.6,2.4,Novi Sad,Glozan,Jabuka
2018-12-23 09:00:00,7.26,7.92,6.21,94.04,,,0.0,2.5,2.6,2.5,Novi Sad,Glozan,Jabuka
2018-12-23 10:00:00,7.64,9.09,6.67,90.74,,,0.0,2.5,2.6,2.5,Novi Sad,Glozan,Jabuka
2018-12-23 11:00:00,8.63,9.1,7.82,83.8,,,0.0,2.7,2.9,2.6,Novi Sad,Glozan,Jabuka
2018-12-23 12:00:00,9.4,9.75,9.05,78.17,,,0.0,2.9,3.1,2.8,Novi Sad,Glozan,Jabuka
2018-12-23 13:00:00,9.48,10.28,8.76,78.2,,,0.0,3.3,3.5,3.1,Novi Sad,Glozan,Jabuka
2018-12-23 14:00:00,9.69,10.25,9.02,80.9,,,0.0,3.5,3.8,3.4,Novi Sad,Glozan,Jabuka
2018-12-23 15:00:00,9.08,9.63,8.41,81.26,,,0.0,3.8,4.0,3.7,Novi Sad,Glozan,Jabuka
2018-12-23 16:00:00,8.07,8.76,6.47,87.6,,,0.0,4.0,4.1,3.9,Novi Sad,Glozan,Jabuka
2018-12-23 17:00:00,5.4,6.74,4.24,99.44,,,0.0,4.0,4.1,3.8,Novi Sad,Glozan,Jabuka
2018-12-23 18:00:00,4.53,5.31,3.56,99.74,,,0.0,3.9,4.1,3.8,Novi Sad,Glozan,Jabuka
2018-12-23 19:00:00,4.49,5.35,3.13,97.85,,,0.0,3.7,3.8,3.6,Novi Sad,Glozan,Jabuka
2018-12-23 20:00:00,3.08,4.14,2.52,100.0,,,0.0,3.5,3.7,3.4,Novi Sad,Glozan,Jabuka
2018-12-23 21:00:00,3.14,3.44,2.78,100.0,,,0.0,3.3,3.5,3.3,Novi Sad,Glozan,Jabuka
2018-12-23 22:00:00,3.29,4.49,2.65,99.98,,,0.0,3.2,3.4,3.1,Novi Sad,Glozan,Jabuka
2018-12-23 23:00:00,4.85,7.67,3.2,93.69,,,0.0,3.1,3.3,3.0,Novi Sad,Glozan,Jabuka
2018-12-24 00:00:00,8.13,8.8,6.72,72.65,,,0.0,3.1,3.3,3.0,Novi Sad,Glozan,Jabuka
2018-12-24 01:00:00,8.84,9.38,7.98,72.23,,,0.0,3.1,3.3,3.0,Novi Sad,Glozan,Jabuka
2018-12-24 02:00:00,8.18,8.81,7.17,78.04,,,0.0,3.1,3.3,3.1,Novi Sad,Glozan,Jabuka
2018-12-24 03:00:00,9.22,9.63,8.73,76.28,,,0.0,3.2,3.3,3.1,Novi Sad,Glozan,Jabuka
2018-12-24 04:00:00,9.19,9.48,9.0,78.12,,,0.0,3.1,3.2,3.1,Novi Sad,Glozan,Jabuka
2018-12-24 05:00:00,9.29,9.59,9.02,78.41,,,0.0,3.2,3.3,3.1,Novi Sad,Glozan,Jabuka
2018-12-24 06:00:00,9.12,9.28,8.79,79.12,,,0.0,3.3,3.4,3.2,Novi Sad,Glozan,Jabuka
2018-12-24 07:00:00,9.42,9.94,8.96,78.6,,,0.0,3.3,3.4,3.3,Novi Sad,Glozan,Jabuka
2018-12-24 08:00:00,8.97,9.48,8.14,80.5,,,0.0,3.3,3.5,3.3,Novi Sad,Glozan,Jabuka
2018-12-24 09:00:00,10.34,11.23,8.29,73.98,,,0.0,3.4,3.5,3.3,Novi Sad,Glozan,Jabuka
2018-12-24 10:00:00,10.49,11.27,9.54,77.03,,,0.2,3.5,3.7,3.4,Novi Sad,Glozan,Jabuka
2018-12-24 11:00:00,9.48,9.73,9.22,95.33,,,0.4,3.7,3.8,3.6,Novi Sad,Glozan,Jabuka
2018-12-24 12:00:00,9.46,9.73,8.96,95.54,,,0.2,3.9,4.1,3.8,Novi Sad,Glozan,Jabuka
2018-12-24 13:00:00,8.75,9.49,8.06,89.38,,,0.0,4.1,4.3,4.0,Novi Sad,Glozan,Jabuka
2018-12-24 14:00:00,7.25,7.93,6.63,91.46,,,0.0,4.3,4.4,4.2,Novi Sad,Glozan,Jabuka
2018-12-24 15:00:00,6.46,6.68,6.36,90.57,,,0.0,4.3,4.5,4.3,Novi Sad,Glozan,Jabuka
2018-12-24 16:00:00,6.22,6.34,6.1,90.27,,,0.0,4.3,4.5,4.3,Novi Sad,Glozan,Jabuka
2018-12-24 17:00:00,5.68,6.03,5.41,94.0,,,0.0,4.3,4.5,4.3,Novi Sad,Glozan,Jabuka
2018-12-24 18:00:00,5.27,5.83,4.9,91.08,,,0.0,4.2,4.4,4.1,Novi Sad,Glozan,Jabuka
2018-12-24 19:00:00,4.65,5.19,3.84,84.68,,,0.0,4.1,4.3,4.1,Novi Sad,Glozan,Jabuka
2018-12-24 20:00:00,3.34,3.95,2.88,83.6,,,0.0,3.9,4.1,3.8,Novi Sad,Glozan,Jabuka
2018-12-24 21:00:00,2.29,2.8,1.86,82.0,,,0.0,3.7,3.9,3.6,Novi Sad,Glozan,Jabuka
2018-12-24 22:00:00,1.89,2.0,1.72,83.11,,,0.0,3.5,3.7,3.4,Novi Sad,Glozan,Jabuka
2018-12-24 23:00:00,1.49,2.01,1.01,84.75,,,0.0,3.2,3.4,3.2,Novi Sad,Glozan,Jabuka
2018-12-25 00:00:00,1.22,1.48,0.93,85.46,,,0.0,3.0,3.3,2.9,Novi Sad,Glozan,Jabuka
2018-12-25 01:00:00,1.18,1.44,1.0,87.36,,,0.0,2.8,3.0,2.7,Novi Sad,Glozan,Jabuka
2018-12-25 02:00:00,0.85,1.1,0.62,88.68,,,0.0,2.7,3.0,2.5,Novi Sad,Glozan,Jabuka
2018-12-25 03:00:00,0.88,1.09,0.66,85.85,,,0.0,2.5,2.8,2.5,Novi Sad,Glozan,Jabuka
2018-12-25 04:00:00,0.24,0.57,-0.03,86.38,,,0.0,2.5,2.6,2.5,Novi Sad,Glozan,Jabuka
2018-12-25 05:00:00,-0.03,0.12,-0.23,84.96,,,0.0,2.4,2.5,2.3,Novi Sad,Glozan,Jabuka
2018-12-25 06:00:00,-0.31,0.06,-0.66,88.07,,,0.0,2.3,2.5,2.2,Novi Sad,Glozan,Jabuka
2018-12-25 07:00:00,-0.73,-0.35,-0.96,91.01,,,0.0,2.2,2.3,2.1,Novi Sad,Glozan,Jabuka
2018-12-25 08:00:00,0.23,0.62,-0.45,89.33,,,0.0,2.1,2.3,2.1,Novi Sad,Glozan,Jabuka
2018-12-25 09:00:00,1.07,1.27,0.84,83.87,,,0.0,2.1,2.3,2.0,Novi Sad,Glozan,Jabuka
2018-12-25 10:00:00,1.32,1.48,1.21,78.55,,,0.0,2.0,2.2,2.0,Novi Sad,Glozan,Jabuka
2018-12-25 11:00:00,1.97,2.87,1.43,73.59,,,0.0,2.0,2.1,1.9,Novi Sad,Glozan,Jabuka
2018-12-25 12:00:00,2.39,2.59,2.22,71.84,,,0.0,2.0,2.1,1.9,Novi Sad,Glozan,Jabuka
2018-12-25 13:00:00,2.43,2.63,2.29,74.66,,,0.0,1.9,2.1,1.9,Novi Sad,Glozan,Jabuka
2018-12-25 14:00:00,2.35,2.76,1.82,84.45,,,0.0,2.0,2.2,2.0,Novi Sad,Glozan,Jabuka
2018-12-25 15:00:00,2.02,2.16,1.86,85.66,,,0.0,2.1,2.3,2.1,Novi Sad,Glozan,Jabuka
2018-12-25 16:00:00,2.24,2.38,2.12,82.65,,,0.0,2.2,2.3,2.1,Novi Sad,Glozan,Jabuka
2018-12-25 17:00:00,2.36,2.43,2.23,86.9,,,0.0,2.2,2.4,2.2,Novi Sad,Glozan,Jabuka
2018-12-25 18:00:00,2.02,2.18,1.85,97.61,,,0.0,2.2,2.3,2.2,Novi Sad,Glozan,Jabuka
2018-12-25 19:00:00,1.58,1.78,1.39,100.0,,,0.2,2.2,2.3,2.2,Novi Sad,Glozan,Jabuka
2018-12-25 20:00:00,1.67,1.73,1.6,100.0,,,0.0,2.2,2.5,1.9,Novi Sad,Glozan,Jabuka
2018-12-25 21:00:00,1.74,1.77,1.72,100.0,,,0.0,2.2,2.3,2.1,Novi Sad,Glozan,Jabuka
2018-12-25 22:00:00,1.91,1.96,1.84,100.0,,,0.0,2.2,2.4,2.2,Novi Sad,Glozan,Jabuka
2018-12-25 23:00:00,2.17,2.42,1.99,100.0,,,0.0,2.2,2.4,2.2,Novi Sad,Glozan,Jabuka
2018-12-26 00:00:00,2.73,2.86,2.52,96.37,,,0.0,2.2,2.4,2.1,Novi Sad,Glozan,Jabuka
2018-12-26 01:00:00,2.58,2.73,2.43,95.01,,,0.0,2.2,2.4,2.1,Novi Sad,Glozan,Jabuka
2018-12-26 02:00:00,2.44,2.69,2.12,92.37,,,0.0,2.2,2.3,2.1,Novi Sad,Glozan,Jabuka
2018-12-26 03:00:00,2.77,3.01,2.3,88.66,,,0.0,2.1,2.3,2.0,Novi Sad,Glozan,Jabuka
2018-12-26 04:00:00,3.12,3.21,3.01,84.94,,,0.0,2.1,2.2,2.0,Novi Sad,Glozan,Jabuka
2018-12-26 05:00:00,2.63,2.91,2.33,86.58,,,0.0,2.0,2.2,2.0,Novi Sad,Glozan,Jabuka
2018-12-26 06:00:00,2.58,2.67,2.42,84.91,,,0.0,2.0,2.1,2.0,Novi Sad,Glozan,Jabuka
2018-12-26 07:00:00,3.01,3.21,2.68,81.31,,,0.0,1.9,2.2,1.8,Novi Sad,Glozan,Jabuka
2018-12-26 08:00:00,2.92,3.15,2.78,83.23,,,0.0,1.9,2.2,1.9,Novi Sad,Glozan,Jabuka
2018-12-26 09:00:00,3.0,3.37,2.84,83.0,,,0.0,1.9,2.0,1.9,Novi Sad,Glozan,Jabuka
2018-12-26 10:00:00,4.36,4.97,3.57,76.06,,,0.0,2.1,2.3,2.0,Novi Sad,Glozan,Jabuka
2018-12-26 11:00:00,5.19,6.04,4.67,73.0,,,0.0,2.2,2.4,2.1,Novi Sad,Glozan,Jabuka
2018-12-26 12:00:00,5.82,5.99,5.72,70.38,,,0.0,2.6,2.8,2.5,Novi Sad,Glozan,Jabuka
2018-12-26 13:00:00,5.75,5.85,5.65,70.03,,,0.0,2.9,3.1,2.6,Novi Sad,Glozan,Jabuka
2018-12-26 14:00:00,6.29,6.83,5.85,67.18,,,0.0,3.1,3.3,3.1,Novi Sad,Glozan,Jabuka
2018-12-26 15:00:00,6.36,6.49,6.24,63.42,,,0.0,3.4,3.5,3.3,Novi Sad,Glozan,Jabuka
2018-12-26 16:00:00,5.5,6.24,4.72,65.88,,,0.0,3.5,3.6,3.3,Novi Sad,Glozan,Jabuka
2018-12-26 17:00:00,3.05,4.46,2.45,84.5,,,0.0,3.4,3.6,3.3,Novi Sad,Glozan,Jabuka
2018-12-26 18:00:00,1.41,2.54,0.2,96.05,,,0.0,3.3,3.5,3.1,Novi Sad,Glozan,Jabuka
2018-12-26 19:00:00,0.32,0.94,-0.15,98.79,,,0.0,3.0,3.2,2.9,Novi Sad,Glozan,Jabuka
2018-12-26 20:00:00,1.09,2.36,0.06,94.2,,,0.0,2.7,2.9,2.7,Novi Sad,Glozan,Jabuka
2018-12-26 21:00:00,2.09,2.36,1.76,86.21,,,0.0,2.6,2.8,2.5,Novi Sad,Glozan,Jabuka
2018-12-26 22:00:00,1.62,1.82,1.45,88.51,,,0.0,2.4,2.6,2.4,Novi Sad,Glozan,Jabuka
2018-12-26 23:00:00,1.58,1.95,1.07,89.13,,,0.0,2.3,2.5,2.1,Novi Sad,Glozan,Jabuka
2018-12-27 00:00:00,2.23,2.46,2.09,83.07,,,0.0,2.2,2.4,2.1,Novi Sad,Glozan,Jabuka
2018-12-27 01:00:00,2.26,2.37,2.14,84.51,,,0.0,2.2,2.4,2.1,Novi Sad,Glozan,Jabuka
2018-12-27 02:00:00,2.38,2.64,2.11,85.88,,,0.0,2.1,2.2,2.0,Novi Sad,Glozan,Jabuka
2018-12-27 03:00:00,2.7,2.91,2.53,83.09,,,0.0,2.0,2.2,2.0,Novi Sad,Glozan,Jabuka
2018-12-27 04:00:00,2.9,3.08,2.74,81.78,,,0.0,1.9,2.1,1.9,Novi Sad,Glozan,Jabuka
2018-12-27 05:00:00,2.76,3.03,2.46,83.76,,,0.0,1.9,2.0,1.8,Novi Sad,Glozan,Jabuka
2018-12-27 06:00:00,2.53,2.69,2.36,85.7,,,0.0,1.9,2.0,1.9,Novi Sad,Glozan,Jabuka
2018-12-27 07:00:00,2.91,3.03,2.71,85.31,,,0.0,1.8,2.0,1.8,Novi Sad,Glozan,Jabuka
2018-12-27 08:00:00,2.87,2.94,2.82,88.66,,,0.0,1.9,2.0,1.8,Novi Sad,Glozan,Jabuka
2018-12-27 09:00:00,3.0,3.31,2.78,91.61,,,0.0,1.8,1.9,1.8,Novi Sad,Glozan,Jabuka
2018-12-27 10:00:00,3.57,3.76,3.37,90.05,,,0.0,1.9,2.0,1.8,Novi Sad,Glozan,Jabuka
2018-12-27 11:00:00,4.01,4.25,3.82,90.59,,,0.0,2.0,2.2,1.9,Novi Sad,Glozan,Jabuka
2018-12-27 12:00:00,4.38,4.45,4.28,90.86,,,0.0,2.2,2.3,2.1,Novi Sad,Glozan,Jabuka
2018-12-27 13:00:00,4.83,5.18,4.5,91.75,,,0.0,2.4,2.5,2.3,Novi Sad,Glozan,Jabuka
2018-12-27 14:00:00,5.32,5.54,5.09,90.67,,,0.0,2.5,2.7,2.5,Novi Sad,Glozan,Jabuka
2018-12-27 15:00:00,5.57,5.73,5.38,90.03,,,0.0,2.7,2.9,2.6,Novi Sad,Glozan,Jabuka
2018-12-27 16:00:00,5.44,5.5,5.38,90.3,,,0.0,2.9,3.0,2.8,Novi Sad,Glozan,Jabuka
2018-12-27 17:00:00,4.69,5.36,4.06,94.06,,,0.0,2.9,3.1,2.9,Novi Sad,Glozan,Jabuka
2018-12-27 18:00:00,3.51,3.98,3.0,99.18,,,0.0,2.9,3.1,2.8,Novi Sad,Glozan,Jabuka
2018-12-27 19:00:00,2.34,3.06,1.81,100.0,,,0.0,2.8,2.9,2.8,Novi Sad,Glozan,Jabuka
2018-12-27 20:00:00,2.35,2.61,2.03,100.0,,,0.0,2.7,2.8,2.6,Novi Sad,Glozan,Jabuka
2018-12-27 21:00:00,2.95,3.2,2.44,99.95,,,0.0,2.5,2.6,2.3,Novi Sad,Glozan,Jabuka
2018-12-27 22:00:00,3.82,4.52,3.15,97.39,,,0.0,2.5,2.6,2.4,Novi Sad,Glozan,Jabuka
2018-12-27 23:00:00,4.54,4.8,4.29,96.3,,,0.0,2.5,2.6,2.5,Novi Sad,Glozan,Jabuka
2018-12-28 00:00:00,5.24,5.61,5.01,92.27,,,0.0,2.5,2.6,2.5,Novi Sad,Glozan,Jabuka
2018-12-28 01:00:00,5.34,5.76,5.04,89.79,,,0.0,2.6,2.8,2.5,Novi Sad,Glozan,Jabuka
2018-12-28 02:00:00,4.49,4.9,4.12,95.55,,,0.0,2.6,2.8,2.6,Novi Sad,Glozan,Jabuka
2018-12-28 03:00:00,4.2,4.39,4.0,97.97,,,0.0,2.7,2.8,2.6,Novi Sad,Glozan,Jabuka
2018-12-28 04:00:00,4.13,4.46,3.85,96.63,,,0.0,2.7,2.8,2.6,Novi Sad,Glozan,Jabuka
2018-12-28 05:00:00,3.04,3.74,2.08,99.59,,,0.0,2.7,2.9,2.7,Novi Sad,Glozan,Jabuka
2018-12-28 06:00:00,1.69,2.27,1.02,100.0,,,0.0,2.6,2.8,2.6,Novi Sad,Glozan,Jabuka
2018-12-28 07:00:00,2.01,2.17,1.65,100.0,,,0.0,2.5,2.7,2.4,Novi Sad,Glozan,Jabuka
2018-12-28 08:00:00,1.71,2.07,1.25,100.0,,,0.0,2.4,2.5,2.3,Novi Sad,Glozan,Jabuka
2018-12-28 09:00:00,2.48,3.14,1.48,100.0,,,0.0,2.3,2.5,2.3,Novi Sad,Glozan,Jabuka
2018-12-28 10:00:00,4.81,5.82,3.26,93.24,,,0.0,2.4,2.5,2.3,Novi Sad,Glozan,Jabuka
2018-12-28 11:00:00,6.5,7.43,5.67,82.31,,,0.0,2.6,2.9,2.5,Novi Sad,Glozan,Jabuka
2018-12-28 12:00:00,7.21,7.48,7.01,82.99,,,0.0,3.0,3.2,2.9,Novi Sad,Glozan,Jabuka
2018-12-28 13:00:00,7.5,7.79,7.22,83.4,,,0.0,3.4,3.6,3.2,Novi Sad,Glozan,Jabuka
2018-12-28 14:00:00,7.43,7.78,7.21,83.92,,,0.0,3.7,3.8,3.6,Novi Sad,Glozan,Jabuka
2018-12-28 15:00:00,6.9,7.21,6.51,87.97,,,0.0,4.0,4.1,3.9,Novi Sad,Glozan,Jabuka
2018-12-28 16:00:00,6.37,6.69,6.09,89.92,,,0.0,4.0,4.1,3.9,Novi Sad,Glozan,Jabuka
2018-12-28 17:00:00,5.92,6.06,5.79,91.82,,,0.0,4.0,4.1,4.0,Novi Sad,Glozan,Jabuka
2018-12-28 18:00:00,6.03,6.11,5.91,91.63,,,0.0,4.0,4.1,3.8,Novi Sad,Glozan,Jabuka
2018-12-28 19:00:00,6.15,6.25,6.07,87.8,,,0.0,3.9,4.0,3.8,Novi Sad,Glozan,Jabuka
2018-12-28 20:00:00,5.87,6.13,5.66,84.64,,,0.0,3.8,3.9,3.8,Novi Sad,Glozan,Jabuka
2018-12-28 21:00:00,5.66,5.81,5.44,85.07,,,0.0,3.8,3.9,3.8,Novi Sad,Glozan,Jabuka
2018-12-28 22:00:00,5.44,5.57,5.32,84.92,,,0.0,3.7,3.8,3.6,Novi Sad,Glozan,Jabuka
2018-12-28 23:00:00,5.42,5.67,5.14,82.18,,,0.0,3.7,3.8,3.6,Novi Sad,Glozan,Jabuka
2018-12-29 00:00:00,5.11,5.3,4.75,81.07,,,0.0,3.6,3.7,3.6,Novi Sad,Glozan,Jabuka
2018-12-29 01:00:00,4.43,4.73,4.1,83.02,,,0.0,3.5,3.7,3.4,Novi Sad,Glozan,Jabuka
2018-12-29 02:00:00,3.95,4.23,3.69,85.04,,,0.0,3.4,3.5,3.3,Novi Sad,Glozan,Jabuka
2018-12-29 03:00:00,3.55,3.75,3.32,86.73,,,0.0,3.2,3.4,3.1,Novi Sad,Glozan,Jabuka
2018-12-29 04:00:00,3.24,3.42,3.09,88.85,,,0.0,3.0,3.3,2.8,Novi Sad,Glozan,Jabuka
2018-12-29 05:00:00,3.31,3.65,3.08,88.38,,,0.0,2.9,3.0,2.8,Novi Sad,Glozan,Jabuka
2018-12-29 06:00:00,3.65,4.05,3.21,87.06,,,0.0,2.8,3.0,2.7,Novi Sad,Glozan,Jabuka
2018-12-29 07:00:00,3.78,3.94,3.61,86.34,,,0.0,2.7,2.8,2.7,Novi Sad,Glozan,Jabuka
2018-12-29 08:00:00,3.69,3.85,3.61,87.67,,,0.0,2.6,2.8,2.5,Novi Sad,Glozan,Jabuka
2018-12-29 09:00:00,4.01,4.21,3.9,87.21,,,0.0,2.7,2.8,2.7,Novi Sad,Glozan,Jabuka
2018-12-29 10:00:00,4.36,4.65,4.15,87.37,,,0.0,2.7,2.9,2.6,Novi Sad,Glozan,Jabuka
2018-12-29 11:00:00,4.84,5.02,4.66,85.75,,,0.0,2.8,3.0,2.8,Novi Sad,Glozan,Jabuka
2018-12-29 12:00:00,5.53,6.16,4.9,84.56,,,0.0,3.0,3.2,2.9,Novi Sad,Glozan,Jabuka
2018-12-29 13:00:00,6.12,6.54,5.82,83.23,,,0.0,3.3,3.5,3.2,Novi Sad,Glozan,Jabuka
2018-12-29 14:00:00,6.37,6.51,6.18,81.7,,,0.0,3.8,4.1,3.6,Novi Sad,Glozan,Jabuka
2018-12-29 15:00:00,5.97,6.38,5.48,82.88,,,0.0,4.1,4.3,3.9,Novi Sad,Glozan,Jabuka
2018-12-29 16:00:00,5.17,5.35,4.99,87.83,,,0.0,4.2,4.3,4.2,Novi Sad,Glozan,Jabuka
2018-12-29 17:00:00,4.5,5.13,4.04,94.41,,,0.0,4.2,4.3,4.1,Novi Sad,Glozan,Jabuka
2018-12-29 18:00:00,5.06,5.72,4.38,92.35,,,0.0,4.1,4.2,4.0,Novi Sad,Glozan,Jabuka
2018-12-29 19:00:00,5.75,5.88,5.63,86.99,,,0.0,4.0,4.2,3.9,Novi Sad,Glozan,Jabuka
2018-12-29 20:00:00,5.31,5.55,5.09,89.82,,,0.0,4.0,4.1,3.9,Novi Sad,Glozan,Jabuka
2018-12-29 21:00:00,4.89,5.09,4.7,92.39,,,0.0,3.9,4.0,3.9,Novi Sad,Glozan,Jabuka
2018-12-29 22:00:00,4.59,4.92,4.1,93.85,,,0.0,3.8,3.9,3.7,Novi Sad,Glozan,Jabuka
2018-12-29 23:00:00,4.17,4.44,3.92,96.73,,,0.0,3.8,3.9,3.7,Novi Sad,Glozan,Jabuka
2018-12-30 00:00:00,4.41,4.59,4.21,92.4,,,0.0,3.7,3.8,3.4,Novi Sad,Glozan,Jabuka
2018-12-30 01:00:00,4.39,4.63,4.11,90.91,,,0.0,3.6,3.7,3.6,Novi Sad,Glozan,Jabuka
2018-12-30 02:00:00,4.04,4.15,3.99,93.89,,,0.0,3.6,3.8,3.5,Novi Sad,Glozan,Jabuka
2018-12-30 03:00:00,3.92,4.01,3.81,95.54,,,0.0,3.5,3.6,3.4,Novi Sad,Glozan,Jabuka
2018-12-30 04:00:00,3.44,3.85,3.16,99.67,,,0.2,3.5,3.7,3.5,Novi Sad,Glozan,Jabuka
2018-12-30 05:00:00,3.04,3.19,2.85,100.0,,,0.0,3.5,3.7,3.3,Novi Sad,Glozan,Jabuka
2018-12-30 06:00:00,2.91,3.0,2.84,100.0,,,0.0,3.4,3.6,3.4,Novi Sad,Glozan,Jabuka
2018-12-30 07:00:00,2.79,2.96,2.7,100.0,,,0.0,3.4,3.5,3.4,Novi Sad,Glozan,Jabuka
2018-12-30 08:00:00,3.03,3.37,2.8,100.0,,,0.0,3.4,3.5,3.3,Novi Sad,Glozan,Jabuka
2018-12-30 09:00:00,3.5,3.93,3.29,100.0,,,0.2,3.4,3.6,3.3,Novi Sad,Glozan,Jabuka
2018-12-30 10:00:00,4.36,5.54,3.94,100.0,,,0.0,3.4,3.5,3.3,Novi Sad,Glozan,Jabuka
2018-12-30 11:00:00,6.64,7.57,5.69,84.33,,,0.0,3.6,3.8,3.5,Novi Sad,Glozan,Jabuka
2018-12-30 12:00:00,6.83,6.98,6.67,76.75,,,0.0,3.9,4.1,3.8,Novi Sad,Glozan,Jabuka
2018-12-30 13:00:00,6.8,6.95,6.6,76.08,,,0.0,4.3,4.5,4.1,Novi Sad,Glozan,Jabuka
2018-12-30 14:00:00,6.47,6.62,6.3,80.58,,,0.0,4.5,4.6,4.3,Novi Sad,Glozan,Jabuka
2018-12-30 15:00:00,6.03,6.2,5.84,83.77,,,0.0,4.5,4.7,4.4,Novi Sad,Glozan,Jabuka
2018-12-30 16:00:00,5.58,5.83,5.35,88.69,,,0.0,4.6,4.7,4.6,Novi Sad,Glozan,Jabuka
2018-12-30 17:00:00,5.19,5.51,5.03,91.96,,,0.0,4.6,4.7,4.5,Novi Sad,Glozan,Jabuka
2018-12-30 18:00:00,5.06,5.16,4.96,93.36,,,0.0,4.4,4.6,4.4,Novi Sad,Glozan,Jabuka
2018-12-30 19:00:00,5.12,5.33,4.72,86.41,,,0.0,4.4,4.6,4.3,Novi Sad,Glozan,Jabuka
2018-12-30 20:00:00,4.47,4.78,4.26,95.21,,,0.0,4.3,4.4,4.2,Novi Sad,Glozan,Jabuka
2018-12-30 21:00:00,4.26,4.44,4.2,100.0,,,0.0,4.2,4.3,4.1,Novi Sad,Glozan,Jabuka
2018-12-30 22:00:00,4.7,4.79,4.57,97.56,,,0.0,4.1,4.4,4.1,Novi Sad,Glozan,Jabuka
2018-12-30 23:00:00,4.52,4.72,4.31,99.28,,,0.2,4.1,4.2,4.0,Novi Sad,Glozan,Jabuka
2018-12-31 00:00:00,4.15,4.31,4.04,100.0,,,0.8,4.1,4.2,4.0,Novi Sad,Glozan,Jabuka
2018-12-31 01:00:00,4.14,4.19,4.1,100.0,,,0.6,4.0,4.2,4.0,Novi Sad,Glozan,Jabuka
2018-12-31 02:00:00,4.0,4.07,3.94,100.0,,,0.2,4.0,4.1,4.0,Novi Sad,Glozan,Jabuka
2018-12-31 03:00:00,4.08,4.19,3.95,100.0,,,0.4,3.9,4.1,3.8,Novi Sad,Glozan,Jabuka
2018-12-31 04:00:00,4.19,4.24,4.15,100.0,,,0.0,4.0,4.2,3.8,Novi Sad,Glozan,Jabuka
2018-12-31 05:00:00,4.26,4.34,4.21,100.0,,,0.0,3.9,4.1,3.8,Novi Sad,Glozan,Jabuka
2018-12-31 06:00:00,4.11,4.27,4.0,100.0,,,0.2,3.9,4.1,3.8,Novi Sad,Glozan,Jabuka
2018-12-31 07:00:00,3.77,3.96,3.55,100.0,,,0.0,3.9,4.0,3.8,Novi Sad,Glozan,Jabuka
2018-12-31 08:00:00,3.5,3.6,3.34,100.0,,,0.2,3.8,3.9,3.8,Novi Sad,Glozan,Jabuka
2018-12-31 09:00:00,3.29,3.34,3.23,100.0,,,0.2,3.9,4.0,3.8,Novi Sad,Glozan,Jabuka
2018-12-31 10:00:00,3.6,3.9,3.32,100.0,,,0.2,3.8,4.0,3.6,Novi Sad,Glozan,Jabuka
2018-12-31 11:00:00,4.21,4.5,3.99,100.0,,,0.2,3.9,4.0,3.8,Novi Sad,Glozan,Jabuka
2018-12-31 12:00:00,4.73,4.89,4.53,100.0,,,0.0,3.9,4.2,3.9,Novi Sad,Glozan,Jabuka
2018-12-31 13:00:00,4.92,5.0,4.89,99.58,,,0.0,3.9,4.2,3.8,Novi Sad,Glozan,Jabuka
2018-12-31 14:00:00,5.07,5.12,5.02,98.48,,,0.0,4.0,4.1,3.9,Novi Sad,Glozan,Jabuka
2018-12-31 15:00:00,5.06,5.13,4.97,97.77,,,0.0,4.1,4.2,4.0,Novi Sad,Glozan,Jabuka
2018-12-31 16:00:00,4.92,4.97,4.87,99.9,,,0.0,4.1,4.2,4.0,Novi Sad,Glozan,Jabuka
2018-12-31 17:00:00,4.83,4.96,4.72,99.97,,,0.0,4.1,4.2,4.1,Novi Sad,Glozan,Jabuka
2018-12-31 18:00:00,4.58,4.7,4.46,100.0,,,0.0,4.1,4.2,4.0,Novi Sad,Glozan,Jabuka
2018-12-31 19:00:00,4.3,4.44,4.21,100.0,,,0.2,4.1,4.2,4.0,Novi Sad,Glozan,Jabuka
2018-12-31 20:00:00,3.99,4.14,3.84,100.0,,,0.0,4.0,4.1,4.0,Novi Sad,Glozan,Jabuka
2018-12-31 21:00:00,3.75,3.81,3.71,100.0,,,0.0,4.0,4.1,4.0,Novi Sad,Glozan,Jabuka
2018-12-31 22:00:00,3.55,3.68,3.37,100.0,,,0.2,4.0,4.1,3.8,Novi Sad,Glozan,Jabuka
2018-12-31 23:00:00,3.15,3.31,3.05,100.0,,,0.0,3.9,4.1,3.8,Novi Sad,Glozan,Jabuka
2019-01-01 00:00:00,2.92,3.14,2.67,100.0,,,0.0,3.9,4.0,3.9,Novi Sad,Glozan,Jabuka
2019-01-01 01:00:00,2.37,2.64,2.07,100.0,,,0.0,3.8,3.9,3.8,Novi Sad,Glozan,Jabuka
2019-01-01 02:00:00,1.94,2.06,1.84,100.0,,,0.0,3.7,3.9,3.6,Novi Sad,Glozan,Jabuka
2019-01-01 03:00:00,1.7,2.09,1.25,100.0,,,0.0,3.6,3.8,3.5,Novi Sad,Glozan,Jabuka
2019-01-01 04:00:00,0.98,1.27,0.74,100.0,,,0.0,3.4,3.7,3.3,Novi Sad,Glozan,Jabuka
2019-01-01 05:00:00,0.49,0.68,0.34,100.0,,,0.0,3.3,3.4,3.2,Novi Sad,Glozan,Jabuka
2019-01-01 06:00:00,0.29,0.51,0.01,100.0,,,0.0,3.1,3.2,3.1,Novi Sad,Glozan,Jabuka
2019-01-01 07:00:00,-0.18,-0.09,-0.36,100.0,,,0.0,2.9,3.0,2.8,Novi Sad,Glozan,Jabuka
2019-01-01 08:00:00,-0.32,-0.12,-0.57,100.0,,,0.0,2.8,2.9,2.7,Novi Sad,Glozan,Jabuka
2019-01-01 09:00:00,0.72,1.26,0.09,100.0,,,0.2,2.7,2.8,2.6,Novi Sad,Glozan,Jabuka
2019-01-01 10:00:00,1.7,2.15,1.29,100.0,,,0.0,2.6,2.8,2.6,Novi Sad,Glozan,Jabuka
2019-01-01 11:00:00,2.77,3.85,2.14,100.0,,,0.0,2.7,2.9,2.6,Novi Sad,Glozan,Jabuka
2019-01-01 12:00:00,3.56,3.94,3.02,99.69,,,0.0,3.0,3.4,2.8,Novi Sad,Glozan,Jabuka
2019-01-01 13:00:00,3.87,4.67,2.93,98.53,,,0.0,3.6,4.0,3.4,Novi Sad,Glozan,Jabuka
